-- phpMyAdmin SQL Dump
-- version 4.8.4
-- https://www.phpmyadmin.net/
--
-- Host: 127.0.0.1
-- Waktu pembuatan: 16 Nov 2020 pada 12.10
-- Versi server: 10.1.37-MariaDB
-- Versi PHP: 7.2.14

SET SQL_MODE = "NO_AUTO_VALUE_ON_ZERO";
SET AUTOCOMMIT = 0;
START TRANSACTION;
SET time_zone = "+00:00";


/*!40101 SET @OLD_CHARACTER_SET_CLIENT=@@CHARACTER_SET_CLIENT */;
/*!40101 SET @OLD_CHARACTER_SET_RESULTS=@@CHARACTER_SET_RESULTS */;
/*!40101 SET @OLD_COLLATION_CONNECTION=@@COLLATION_CONNECTION */;
/*!40101 SET NAMES utf8mb4 */;

--
-- Database: `data_siswa3`
--

-- --------------------------------------------------------

--
-- Struktur dari tabel `failed_jobs`
--

CREATE TABLE `failed_jobs` (
  `id` bigint(20) UNSIGNED NOT NULL,
  `connection` text COLLATE utf8mb4_unicode_ci NOT NULL,
  `queue` text COLLATE utf8mb4_unicode_ci NOT NULL,
  `payload` longtext COLLATE utf8mb4_unicode_ci NOT NULL,
  `exception` longtext COLLATE utf8mb4_unicode_ci NOT NULL,
  `failed_at` timestamp NOT NULL DEFAULT CURRENT_TIMESTAMP
) ENGINE=InnoDB DEFAULT CHARSET=utf8mb4 COLLATE=utf8mb4_unicode_ci;

-- --------------------------------------------------------

--
-- Struktur dari tabel `kelas`
--

CREATE TABLE `kelas` (
  `id` int(11) NOT NULL,
  `nama_kelas` varchar(30) NOT NULL
) ENGINE=InnoDB DEFAULT CHARSET=latin1;

--
-- Dumping data untuk tabel `kelas`
--

INSERT INTO `kelas` (`id`, `nama_kelas`) VALUES
(1, 'X'),
(2, 'XI'),
(3, 'XII');

-- --------------------------------------------------------

--
-- Struktur dari tabel `mapel`
--

CREATE TABLE `mapel` (
  `id` int(11) NOT NULL,
  `kode` varchar(191) NOT NULL,
  `nama` varchar(191) NOT NULL,
  `semester` varchar(45) NOT NULL,
  `created_at` timestamp NOT NULL DEFAULT CURRENT_TIMESTAMP,
  `updated_at` datetime NOT NULL
) ENGINE=InnoDB DEFAULT CHARSET=latin1;

--
-- Dumping data untuk tabel `mapel`
--

INSERT INTO `mapel` (`id`, `kode`, `nama`, `semester`, `created_at`, `updated_at`) VALUES
(1, 'M-001', 'Fisika', 'ganjil', '2020-03-12 06:25:45', '0000-00-00 00:00:00'),
(2, 'M-002', 'PKN', 'ganjil', '2020-03-12 06:25:45', '0000-00-00 00:00:00'),
(3, 'M-003', 'B.Jepang', 'ganjil', '2020-03-13 11:42:47', '0000-00-00 00:00:00'),
(4, 'M-004', 'B.Inggris', 'ganjil', '2020-06-09 17:00:00', '2020-06-10 00:00:00'),
(5, 'M-005', 'Matematika', 'ganjil', '2020-06-09 17:00:00', '2020-06-10 00:00:00'),
(6, 'M-006', 'B.Indonesia', 'ganjil', '2020-06-09 17:00:00', '2020-06-10 00:00:00'),
(7, 'M-007', 'Kejuruan', 'ganjil', '2020-06-09 17:00:00', '2020-06-10 00:00:00');

-- --------------------------------------------------------

--
-- Struktur dari tabel `migrations`
--

CREATE TABLE `migrations` (
  `id` int(10) UNSIGNED NOT NULL,
  `migration` varchar(191) COLLATE utf8mb4_unicode_ci NOT NULL,
  `batch` int(11) NOT NULL
) ENGINE=InnoDB DEFAULT CHARSET=utf8mb4 COLLATE=utf8mb4_unicode_ci;

--
-- Dumping data untuk tabel `migrations`
--

INSERT INTO `migrations` (`id`, `migration`, `batch`) VALUES
(1, '2014_10_12_000000_create_users_table', 1),
(2, '2019_08_19_000000_create_failed_jobs_table', 1),
(3, '2020_03_09_092332_create_siswa_table', 1);

-- --------------------------------------------------------

--
-- Struktur dari tabel `nilai`
--

CREATE TABLE `nilai` (
  `id` int(11) NOT NULL,
  `siswa_id` int(11) NOT NULL,
  `kelas_id` int(11) NOT NULL,
  `tahun_ajaran` varchar(30) NOT NULL,
  `nilai_fisika` double NOT NULL,
  `nilai_pkn` double NOT NULL,
  `nilai_bjepang` double NOT NULL,
  `nilai_binggris` double NOT NULL,
  `nilai_mtk` double NOT NULL,
  `nilai_bindo` double NOT NULL,
  `nilai_kejuruan` double NOT NULL,
  `created_at` timestamp NULL DEFAULT NULL ON UPDATE CURRENT_TIMESTAMP,
  `updated_at` timestamp NULL DEFAULT NULL
) ENGINE=InnoDB DEFAULT CHARSET=latin1;

--
-- Dumping data untuk tabel `nilai`
--

INSERT INTO `nilai` (`id`, `siswa_id`, `kelas_id`, `tahun_ajaran`, `nilai_fisika`, `nilai_pkn`, `nilai_bjepang`, `nilai_binggris`, `nilai_mtk`, `nilai_bindo`, `nilai_kejuruan`, `created_at`, `updated_at`) VALUES
(3, 397, 1, '2015/2016', 73.4, 76.82, 84.5, 76.15, 75.8, 81.7, 80.9, '2020-07-24 06:54:50', '2020-07-22 07:25:45'),
(4, 405, 1, '2015/2016', 58.1, 61.97, 55.23, 53.2, 65, 56.55, 66.9, '2020-10-29 15:04:34', '2020-07-22 07:25:45'),
(5, 410, 1, '2015/2016', 75.5, 77.35, 78.65, 77.5, 80.7, 85.1, 84, '2020-10-29 15:31:38', '2020-07-22 07:25:45'),
(6, 411, 1, '2015/2016', 65.6, 76.6, 86.85, 76.3, 79.5, 82.28, 79.5, '2020-10-29 15:33:14', '2020-07-22 07:25:45'),
(7, 424, 1, '2015/2016', 74.6, 75.32, 66.85, 75.12, 76.9, 76.62, 81.6, '2020-07-24 06:56:18', '2020-07-22 07:25:45'),
(8, 425, 1, '2015/2016', 73.1, 80.83, 84.13, 80.75, 83.6, 83.9, 86.5, '2020-07-24 06:56:34', '2020-07-22 07:25:45'),
(9, 426, 1, '2015/2016', 75.5, 75.67, 88.7, 76.42, 75.9, 81.37, 74.7, '2020-10-29 15:42:06', '2020-07-22 07:25:45'),
(10, 429, 1, '2015/2016', 87, 87.65, 95.2, 90.4, 93.1, 86.5, 89.4, '2020-07-22 07:25:45', '2020-07-22 07:25:45'),
(11, 436, 1, '2015/2016', 75.7, 79.15, 82.75, 78.55, 75.6, 85.75, 83.9, '2020-07-22 07:25:45', '2020-07-22 07:25:45'),
(12, 441, 1, '2015/2016', 78.1, 86.5, 91.75, 88.3, 86.9, 86, 85.6, '2020-10-29 15:45:51', '2020-07-22 07:25:45'),
(13, 443, 1, '2015/2016', 53.5, 53.17, 29.67, 53.3, 57, 58.3, 80, '2020-10-29 15:47:57', '2020-07-22 07:25:45'),
(14, 829, 1, '2015/2016', 74.5, 84.5, 87.52, 82.5, 81, 89.3, 89.6, '2020-10-29 15:50:18', '2020-07-22 07:25:45'),
(15, 446, 1, '2015/2016', 72, 76.1, 68, 62.3, 68.4, 68.33, 72.1, '2020-07-24 06:58:32', '2020-07-22 07:25:45'),
(16, 460, 1, '2015/2016', 72.2, 75.83, 87.6, 75.78, 70.1, 81.75, 78.2, '2020-07-24 06:58:51', '2020-07-22 07:25:45'),
(17, 461, 1, '2015/2016', 77.6, 76.15, 86.35, 75.43, 67.4, 79.3, 71.5, '2020-07-24 06:59:12', '2020-07-22 07:25:45'),
(18, 470, 1, '2015/2016', 68.8, 76.8, 69.65, 76.8, 75.7, 75.53, 83.4, '2020-10-29 15:54:54', '2020-07-22 07:25:45'),
(19, 475, 1, '2015/2016', 78.6, 80.77, 89.9, 84, 80.8, 86.6, 77.3, '2020-07-24 06:59:46', '2020-07-22 07:25:45'),
(20, 478, 1, '2015/2016', 73.3, 75.7, 89.7, 76.68, 75, 75.48, 83.3, '2020-10-29 16:01:48', '2020-07-22 07:25:45'),
(21, 481, 1, '2015/2016', 73.4, 75.22, 59.1, 75.78, 78, 82.52, 76.8, '2020-07-24 07:01:00', '2020-07-22 07:25:45'),
(22, 482, 1, '2015/2016', 74, 75.13, 86, 75, 75, 79.2, 79.1, '2020-07-24 07:01:08', '2020-07-22 07:25:45'),
(23, 483, 1, '2015/2016', 72.8, 63.48, 57.6, 74.42, 71.1, 66.67, 75.1, '2020-10-29 16:05:21', '2020-07-22 07:25:45'),
(24, 486, 1, '2015/2016', 74, 76.15, 94.15, 77.3, 76.6, 83.5, 78.5, '2020-07-22 07:25:45', '2020-07-22 07:25:45'),
(25, 487, 1, '2015/2016', 81.7, 78.25, 95.75, 82.62, 91.8, 84.33, 83, '2020-07-24 07:01:57', '2020-07-22 07:25:45'),
(26, 490, 1, '2015/2016', 74, 76.3, 86.3, 75.42, 75.7, 76.2, 74.9, '2020-10-29 16:08:23', '2020-07-22 07:25:45'),
(27, 499, 1, '2015/2016', 80, 75.45, 76.75, 75.17, 77.4, 83.12, 78.7, '2020-07-24 07:02:40', '2020-07-22 07:25:45'),
(28, 501, 1, '2015/2016', 72.6, 51.83, 74.5, 49.9, 75, 67.7, 73.3, '2020-10-29 16:11:38', '2020-07-22 07:25:45'),
(29, 507, 1, '2015/2016', 80.4, 79.87, 93, 83.93, 84, 88.03, 85.1, '2020-10-29 16:13:52', '2020-07-22 07:25:45'),
(30, 511, 1, '2015/2016', 73.8, 75.07, 80.15, 75.25, 78.6, 85.15, 75.5, '2020-10-29 16:16:07', '2020-07-22 07:25:45'),
(31, 523, 1, '2015/2016', 66.8, 52.82, 31.5, 50.85, 71.1, 60.35, 62.9, '2020-07-24 07:03:39', '2020-07-22 07:25:45'),
(32, 527, 1, '2015/2016', 80.4, 77.95, 91.95, 75.25, 82, 83.12, 81.3, '2020-07-24 07:03:49', '2020-07-22 07:25:45'),
(33, 531, 1, '2015/2016', 74, 75.55, 71.7, 76.45, 81, 79, 88.5, '2020-07-22 07:25:45', '2020-07-22 07:25:45'),
(34, 534, 1, '2015/2016', 77.4, 76.03, 78.75, 80.75, 77.4, 79.75, 78.5, '2020-10-29 16:21:43', '2020-07-22 07:25:45'),
(35, 546, 1, '2015/2016', 74.7, 84.43, 80.1, 87.7, 81.6, 81.27, 86, '2020-07-24 07:04:21', '2020-07-22 07:25:45'),
(36, 549, 1, '2015/2016', 74, 75.02, 74.35, 75.58, 73.8, 81.98, 83.6, '2020-10-29 16:24:04', '2020-07-22 07:25:45'),
(37, 551, 1, '2015/2016', 74.7, 84.45, 78.1, 83.73, 84.5, 87.53, 88.1, '2020-07-24 07:05:05', '2020-07-22 07:25:45'),
(38, 554, 1, '2015/2016', 66.2, 75.12, 55.4, 73.38, 75.4, 76.28, 84.5, '2020-07-24 07:05:33', '2020-07-22 07:25:45'),
(39, 560, 1, '2015/2016', 76.7, 77.37, 66.4, 80.17, 80.7, 82, 83.6, '2020-10-29 16:26:42', '2020-07-22 07:25:45'),
(40, 561, 1, '2015/2016', 66.5, 75.2, 61.6, 75.48, 78.6, 75.73, 79.1, '2020-07-24 07:06:16', '2020-07-22 07:25:45'),
(41, 570, 1, '2015/2016', 72.8, 79.17, 56.98, 84.27, 76.2, 87.22, 79.4, '2020-10-29 16:29:05', '2020-07-22 07:25:45'),
(42, 573, 1, '2015/2016', 66.8, 66.77, 67.05, 75.33, 77.9, 76.08, 78.4, '2020-10-29 16:31:33', '2020-07-22 07:25:45'),
(43, 608, 1, '2015/2016', 79.8, 85.07, 95.75, 86.2, 87.4, 91.95, 85.7, '2020-10-29 16:32:56', '2020-07-22 07:25:45'),
(44, 609, 1, '2015/2016', 73.8, 75.7, 66.6, 76.25, 82, 81.05, 79.1, '2020-07-22 07:25:45', '2020-07-22 07:25:45'),
(45, 618, 1, '2015/2016', 77.6, 76.95, 82.8, 75.45, 77.5, 81.5, 81.4, '2020-07-22 07:25:45', '2020-07-22 07:25:45'),
(46, 619, 1, '2015/2016', 74.2, 75.12, 73.85, 75.5, 67.3, 75.35, 81, '2020-07-24 07:07:43', '2020-07-22 07:25:45'),
(47, 620, 1, '2015/2016', 62.6, 60, 55.1, 78.3, 58, 71.6, 74.5, '2020-07-22 07:25:45', '2020-07-22 07:25:45'),
(48, 621, 1, '2015/2016', 75.2, 75, 71.75, 76.75, 78.4, 77.15, 79.4, '2020-07-22 07:25:45', '2020-07-22 07:25:45'),
(49, 398, 2, '2015/2016', 79.6, 82.73, 81.97, 84.68, 80, 87.3, 80.9, '2020-10-29 16:39:24', '2020-07-22 07:25:45'),
(50, 400, 2, '2015/2016', 73.5, 78.08, 65.6, 79.38, 76.1, 81.2, 79.3, '2020-10-29 16:40:24', '2020-07-22 07:25:45'),
(51, 403, 2, '2015/2016', 79.6, 79.07, 72.27, 80.22, 84, 81.7, 79.3, '2020-10-29 16:41:17', '2020-07-22 07:25:45'),
(52, 404, 2, '2015/2016', 67.2, 82.43, 57.9, 79.28, 71.7, 77.87, 79.7, '2020-10-29 16:42:11', '2020-07-22 07:25:45'),
(53, 409, 2, '2015/2016', 79.7, 93.3, 64.63, 87.65, 78.5, 90.13, 84.6, '2020-07-24 07:09:48', '2020-07-22 07:25:45'),
(54, 412, 2, '2015/2016', 84.5, 89.33, 86.57, 84.37, 81, 88.68, 80.5, '2020-10-29 16:45:45', '2020-07-22 07:25:45'),
(55, 413, 2, '2015/2016', 80.9, 80.97, 76.13, 80.08, 82.8, 87.05, 79.3, '2020-10-29 16:47:33', '2020-07-22 07:25:45'),
(56, 417, 2, '2015/2016', 66.4, 66.5, 44.1, 73.45, 72.1, 69.42, 78.3, '2020-07-24 07:11:07', '2020-07-22 07:25:45'),
(57, 431, 2, '2015/2016', 64, 73.4, 58.97, 72.55, 73.3, 78.58, 78.3, '2020-10-29 16:49:26', '2020-07-22 07:25:45'),
(58, 435, 2, '2015/2016', 77.4, 86.83, 81.23, 83.88, 76, 89.98, 81.6, '2020-07-24 07:11:50', '2020-07-22 07:25:45'),
(59, 440, 2, '2015/2016', 72.1, 84.4, 67.93, 80.65, 81.1, 83.97, 79.3, '2020-10-29 16:51:23', '2020-07-22 07:25:45'),
(60, 442, 2, '2015/2016', 73.9, 88.23, 83.67, 79.47, 83.4, 89.53, 81.7, '2020-10-29 16:53:40', '2020-07-22 07:25:45'),
(61, 450, 2, '2015/2016', 82.2, 89.07, 90.87, 81.2, 87.1, 89.7, 80.2, '2020-10-29 16:55:09', '2020-07-22 07:25:45'),
(62, 458, 2, '2015/2016', 76.4, 78.35, 55.63, 69.83, 75.6, 70.07, 79.3, '2020-10-29 16:57:16', '2020-07-22 07:25:45'),
(63, 459, 2, '2015/2016', 79.7, 81.53, 80.43, 75.73, 65.2, 78.3, 79.3, '2020-07-24 07:14:02', '2020-07-22 07:25:45'),
(64, 462, 2, '2015/2016', 78.3, 81.2, 31.27, 80.45, 84.5, 88.72, 79.3, '2020-10-29 16:59:17', '2020-07-22 07:25:45'),
(65, 471, 2, '2015/2016', 82, 82.97, 64.77, 80.33, 85.2, 88.77, 81.7, '2020-10-29 17:02:21', '2020-07-22 07:25:45'),
(66, 479, 2, '2015/2016', 79.8, 82.67, 70.43, 77.78, 82.1, 82.02, 79.3, '2020-10-29 17:04:12', '2020-07-22 07:25:45'),
(67, 480, 2, '2015/2016', 76.5, 84.6, 75.93, 79.47, 82, 88.55, 82.3, '2020-10-29 17:05:56', '2020-07-22 07:25:45'),
(68, 494, 2, '2015/2016', 76.6, 88.97, 96.13, 85.47, 82, 87.97, 82.9, '2020-10-29 17:07:06', '2020-07-22 07:25:45'),
(69, 496, 2, '2015/2016', 76.6, 72.13, 61, 71.65, 77.9, 72, 77.3, '2020-07-24 07:16:11', '2020-07-22 07:25:45'),
(70, 497, 2, '2015/2016', 73.5, 79.03, 66.53, 75.18, 84.5, 65.25, 82.9, '2020-10-29 17:08:32', '2020-07-22 07:25:45'),
(71, 498, 2, '2015/2016', 72.4, 78.78, 71.43, 65.08, 81.4, 65.85, 79.9, '2020-10-29 17:09:56', '2020-07-22 07:25:45'),
(72, 505, 2, '2015/2016', 79, 83.63, 84.47, 80.17, 81, 83.1, 82.9, '2020-07-24 07:18:27', '2020-07-22 07:25:45'),
(73, 506, 2, '2015/2016', 58.8, 64, 28.37, 77.58, 70.4, 59.7, 77.3, '2020-10-29 17:10:58', '2020-07-22 07:25:45'),
(74, 508, 2, '2015/2016', 60, 61.37, 18.2, 67.85, 75, 65.8, 77.3, '2020-10-29 17:11:45', '2020-07-22 07:25:45'),
(75, 529, 2, '2015/2016', 74.2, 69.73, 44.53, 61.37, 75.5, 77.07, 77.3, '2020-10-29 17:12:46', '2020-07-22 07:25:45'),
(76, 537, 2, '2015/2016', 84.5, 78.87, 70.13, 82.28, 83.4, 89.73, 81.6, '2020-10-29 17:13:19', '2020-07-22 07:25:45'),
(77, 540, 2, '2015/2016', 76.3, 78.6, 50.67, 80.25, 75.5, 85.17, 79.3, '2020-07-24 07:19:55', '2020-07-22 07:25:45'),
(78, 555, 2, '2015/2016', 73.9, 78, 82.77, 81.25, 77.2, 90.43, 80.4, '2020-07-24 07:20:11', '2020-07-22 07:25:45'),
(79, 557, 2, '2015/2016', 72.9, 74.6, 35.2, 73.58, 72.5, 77.05, 77.8, '2020-07-24 07:20:22', '2020-07-22 07:25:45'),
(80, 569, 2, '2015/2016', 62.7, 63.47, 60.07, 72.6, 80.3, 77.72, 79.3, '2020-10-29 17:15:13', '2020-07-22 07:25:45'),
(81, 605, 2, '2015/2016', 68.7, 79.57, 73.17, 83.78, 76.4, 89.48, 78.3, '2020-07-24 07:21:16', '2020-07-22 07:25:45'),
(82, 610, 2, '2015/2016', 68.7, 78.3, 57.73, 80.95, 76.4, 86.15, 79.9, '2020-07-24 07:21:23', '2020-07-22 07:25:45'),
(83, 625, 2, '2015/2016', 64.8, 78.47, 53.4, 78.93, 70.9, 62.95, 79.3, '2020-10-29 17:16:47', '2020-07-22 07:25:45'),
(84, 626, 2, '2015/2016', 77.2, 79.3, 67.7, 80.02, 70.7, 83.87, 79.3, '2020-10-29 17:17:34', '2020-07-22 07:25:45'),
(85, 396, 3, '2015/2016', 75.6, 82.97, 72, 82.93, 82, 82.75, 85.1, '2020-07-24 07:22:10', '2020-07-22 07:25:45'),
(86, 402, 3, '2015/2016', 76.2, 80.88, 76.8, 79.45, 73.9, 80.25, 84.2, '2020-07-24 07:22:19', '2020-07-22 07:25:45'),
(87, 414, 3, '2015/2016', 76.2, 80.65, 80.9, 80.9, 73.4, 78.97, 80.9, '2020-07-24 07:22:36', '2020-07-22 07:25:45'),
(88, 420, 3, '2015/2016', 83.4, 87.37, 84.5, 87.35, 85.4, 84.15, 82.5, '2020-07-24 07:22:45', '2020-07-22 07:25:45'),
(89, 430, 3, '2015/2016', 78.9, 88.92, 91.6, 89.55, 81.5, 83.3, 86, '2020-07-24 07:22:55', '2020-07-22 07:25:45'),
(90, 437, 3, '2015/2016', 76.5, 80.77, 79.2, 78.98, 83, 82.05, 80.1, '2020-10-29 17:23:43', '2020-07-22 07:25:45'),
(91, 438, 3, '2015/2016', 75.6, 80.35, 75.6, 79.17, 83.9, 78.18, 79.4, '2020-07-24 07:23:31', '2020-07-22 07:25:45'),
(92, 452, 3, '2015/2016', 63, 59.83, 66.5, 57.25, 65, 53.5, 70, '2020-07-24 07:23:38', '2020-07-22 07:25:45'),
(93, 474, 3, '2015/2016', 75.5, 78.12, 81.8, 79.68, 70.2, 78.97, 80.8, '2020-10-29 17:25:07', '2020-07-22 07:25:45'),
(94, 502, 3, '2015/2016', 75.1, 85.42, 80.9, 80.53, 75, 81.75, 76.1, '2020-07-24 07:24:15', '2020-07-22 07:25:45'),
(95, 504, 3, '2015/2016', 75.5, 83.82, 81.3, 79.98, 78, 78.97, 80.6, '2020-10-29 17:26:07', '2020-07-22 07:25:45'),
(96, 516, 3, '2015/2016', 81, 86.07, 15.6, 84.4, 86.4, 85.75, 82.4, '2020-10-29 17:26:29', '2020-07-22 07:25:45'),
(97, 535, 3, '2015/2016', 75.1, 73.3, 79.7, 78.12, 84.4, 79.2, 71.2, '2020-10-29 17:27:14', '2020-07-22 07:25:45'),
(98, 542, 3, '2015/2016', 76.1, 68.4, 81.5, 78.62, 84.4, 78.15, 72.4, '2020-07-24 07:25:05', '2020-07-22 07:25:45'),
(99, 545, 3, '2015/2016', 60.5, 62.35, 73.2, 71.5, 69.7, 60.4, 61.8, '2020-07-22 07:25:45', '2020-07-22 07:25:45'),
(100, 559, 3, '2015/2016', 79.4, 82.68, 85.7, 87.4, 78.4, 81.15, 75.5, '2020-07-24 07:25:20', '2020-07-22 07:25:45'),
(101, 612, 3, '2015/2016', 78.8, 88.25, 81, 81.87, 82.5, 83.32, 83.7, '2020-07-24 07:25:34', '2020-07-22 07:25:45'),
(102, 615, 3, '2015/2016', 75.9, 75.18, 82.4, 83.43, 82, 78.7, 80.9, '2020-07-24 07:25:50', '2020-07-22 07:25:45'),
(103, 624, 3, '2015/2016', 68.9, 66.6, 81.8, 78.4, 73.3, 69.7, 75.9, '2020-07-22 07:25:45', '2020-07-22 07:25:45'),
(104, 401, 1, '2016/2017', 72, 81.67, 62.05, 74.07, 74.83, 85, 75, '2020-07-23 00:58:53', '2020-07-23 00:58:53'),
(105, 434, 1, '2016/2017', 70.67, 81.67, 86.83, 82.83, 64.67, 86.5, 73, '2020-07-23 00:58:53', '2020-07-23 00:58:53'),
(106, 445, 1, '2016/2017', 64.33, 78, 59.67, 69.78, 65.67, 60.22, 80, '2020-07-23 00:58:53', '2020-07-23 00:58:53'),
(107, 447, 1, '2016/2017', 66.33, 77.33, 79.43, 73.33, 73.67, 79.33, 68, '2020-07-23 00:58:53', '2020-07-23 00:58:53'),
(108, 449, 1, '2016/2017', 72, 82.78, 84.62, 83.33, 71.33, 85, 75, '2020-07-23 00:58:53', '2020-07-23 00:58:53'),
(109, 453, 1, '2016/2017', 75, 82.78, 86.53, 80.28, 74.33, 85.28, 78, '2020-07-23 00:58:53', '2020-07-23 00:58:53'),
(110, 454, 1, '2016/2017', 77.67, 82.78, 85.27, 85, 81.33, 86.67, 84, '2020-07-23 00:58:53', '2020-07-23 00:58:53'),
(111, 468, 1, '2016/2017', 73, 66.67, 80.35, 75.5, 64.67, 77.17, 66, '2020-07-23 00:58:53', '2020-07-23 00:58:53'),
(112, 485, 1, '2016/2017', 76.33, 79.67, 83.58, 77.83, 64.67, 83.17, 73, '2020-07-23 00:58:53', '2020-07-23 00:58:53'),
(113, 521, 1, '2016/2017', 74, 73.33, 84.1, 75.67, 68.83, 69, 69, '2020-07-23 00:58:53', '2020-07-23 00:58:53'),
(114, 510, 1, '2016/2017', 69.67, 81.67, 79.17, 79.58, 67.33, 85, 68, '2020-07-23 00:58:53', '2020-07-23 00:58:53'),
(115, 528, 1, '2016/2017', 69, 72.67, 84.92, 79.11, 65, 82.11, 67, '2020-07-23 00:58:53', '2020-07-23 00:58:53'),
(116, 543, 1, '2016/2017', 75.33, 82.78, 86.7, 81, 75.67, 87.5, 77, '2020-07-23 00:58:53', '2020-07-23 00:58:53'),
(117, 547, 1, '2016/2017', 79.5, 82.78, 86.47, 85, 78.33, 87.22, 82, '2020-07-23 00:58:53', '2020-07-23 00:58:53'),
(118, 556, 1, '2016/2017', 62, 81.67, 81.98, 85, 66.17, 86.67, 68, '2020-07-23 00:58:53', '2020-07-23 00:58:53'),
(119, 558, 1, '2016/2017', 62, 59.78, 83.08, 77.17, 66.5, 83.17, 61, '2020-07-23 00:58:53', '2020-07-23 00:58:53'),
(120, 572, 1, '2016/2017', 67.67, 71.33, 85.83, 75.56, 64.17, 75.56, 66, '2020-07-23 00:58:53', '2020-07-23 00:58:53'),
(121, 622, 1, '2016/2017', 82.5, 81.67, 87, 85, 81.5, 84.67, 84, '2020-07-23 00:58:53', '2020-07-23 00:58:53'),
(122, 623, 1, '2016/2017', 60, 67.33, 72.85, 70.5, 69.83, 71.5, 58, '2020-07-23 00:58:53', '2020-07-23 00:58:53'),
(123, 397, 2, '2016/2017', 72.33, 83.67, 74, 78.33, 78.67, 83.92, 82, '2020-07-23 00:58:53', '2020-07-23 00:58:53'),
(124, 405, 2, '2016/2017', 70, 61.89, 72, 70, 65.5, 66.7, 66, '2020-07-23 00:58:53', '2020-07-23 00:58:53'),
(125, 410, 2, '2016/2017', 71.67, 83.44, 78, 76.67, 75, 83.5, 81, '2020-07-23 00:58:53', '2020-07-23 00:58:53'),
(126, 411, 2, '2016/2017', 77.67, 82.33, 78.25, 75, 70, 82.21, 70, '2020-07-23 00:58:53', '2020-07-23 00:58:53'),
(127, 424, 2, '2016/2017', 71.33, 83, 75, 80, 75.33, 83.54, 79, '2020-07-23 00:58:53', '2020-07-23 00:58:53'),
(128, 425, 2, '2016/2017', 78, 84.33, 78.75, 76.67, 76, 85, 80, '2020-07-23 00:58:53', '2020-07-23 00:58:53'),
(129, 426, 2, '2016/2017', 75, 77.78, 78, 75, 75, 80.5, 75, '2020-07-23 00:58:53', '2020-07-23 00:58:53'),
(130, 429, 2, '2016/2017', 79, 85, 81.75, 82.67, 82.67, 87.08, 85, '2020-07-23 00:58:53', '2020-07-23 00:58:53'),
(131, 436, 2, '2016/2017', 76, 83.7, 77, 75, 74.17, 83.36, 78, '2020-07-23 00:58:53', '2020-07-23 00:58:53'),
(132, 441, 2, '2016/2017', 76, 84.56, 79.5, 83.33, 75.33, 84.96, 80, '2020-07-23 00:58:53', '2020-07-23 00:58:53'),
(133, 829, 2, '2016/2017', 78.33, 84.67, 82.5, 71.67, 71, 85, 82, '2020-07-23 00:58:53', '2020-07-23 00:58:53'),
(134, 460, 2, '2016/2017', 70.67, 80, 74, 75, 70.67, 79.17, 62, '2020-07-23 00:58:53', '2020-07-23 00:58:53'),
(135, 461, 2, '2016/2017', 71.33, 73.62, 76.5, 75, 72, 79.97, 68, '2020-07-23 00:58:53', '2020-07-23 00:58:53'),
(136, 470, 2, '2016/2017', 68, 73.94, 79.5, 71.33, 72.83, 74.64, 75, '2020-07-23 00:58:53', '2020-07-23 00:58:53'),
(137, 475, 2, '2016/2017', 71.33, 82.56, 80, 84.67, 76, 79.5, 80, '2020-07-23 00:58:53', '2020-07-23 00:58:53'),
(138, 478, 2, '2016/2017', 73, 78.41, 78.5, 76.67, 77.67, 80.72, 77, '2020-07-23 00:58:53', '2020-07-23 00:58:53'),
(139, 481, 2, '2016/2017', 73.33, 76, 78, 73.17, 76.17, 81.83, 76, '2020-07-23 00:58:53', '2020-07-23 00:58:53'),
(140, 482, 2, '2016/2017', 67.67, 75.33, 81.67, 75, 71.83, 80.5, 66, '2020-07-23 00:58:53', '2020-07-23 00:58:53'),
(141, 483, 2, '2016/2017', 62.33, 52.56, 81.67, 63.11, 69.5, 50.56, 58, '2020-07-23 00:58:53', '2020-07-23 00:58:53'),
(142, 486, 2, '2016/2017', 75.67, 81.67, 78.5, 78, 77.67, 82.88, 82, '2020-07-23 00:58:53', '2020-07-23 00:58:53'),
(143, 487, 2, '2016/2017', 73.67, 81.89, 80, 81.67, 80, 82.5, 83, '2020-07-23 00:58:53', '2020-07-23 00:58:53'),
(144, 490, 2, '2016/2017', 65, 63.22, 80, 78, 75.33, 79.5, 78, '2020-07-23 00:58:53', '2020-07-23 00:58:53'),
(145, 507, 2, '2016/2017', 78, 83.44, 83.75, 78.33, 80, 83.75, 82, '2020-07-23 00:58:53', '2020-07-23 00:58:53'),
(146, 511, 2, '2016/2017', 77.67, 81.22, 84, 83, 76.67, 79.5, 75, '2020-07-23 00:58:53', '2020-07-23 00:58:53'),
(147, 527, 2, '2016/2017', 74.33, 81.33, 81.75, 75.5, 75.33, 80.83, 82, '2020-07-23 00:58:53', '2020-07-23 00:58:53'),
(148, 531, 2, '2016/2017', 73, 82.56, 82.5, 71, 77.67, 80.75, 79, '2020-07-23 00:58:53', '2020-07-23 00:58:53'),
(149, 534, 2, '2016/2017', 76.33, 78, 79.5, 69, 76.67, 81.42, 77, '2020-07-23 00:58:53', '2020-07-23 00:58:53'),
(150, 546, 2, '2016/2017', 75.67, 83.89, 83.75, 85, 75.33, 83.96, 84, '2020-07-23 00:58:53', '2020-07-23 00:58:53'),
(151, 549, 2, '2016/2017', 76, 81.89, 81.67, 76.33, 78.67, 81.42, 73, '2020-07-23 00:58:53', '2020-07-23 00:58:53'),
(152, 551, 2, '2016/2017', 77.67, 84, 76.5, 79.5, 77.33, 84.42, 82, '2020-07-23 00:58:53', '2020-07-23 00:58:53'),
(153, 554, 2, '2016/2017', 75, 78.52, 79.5, 68.83, 77.67, 63.69, 76, '2020-07-23 00:58:53', '2020-07-23 00:58:53'),
(154, 560, 2, '2016/2017', 81.67, 81.89, 80, 73.83, 81, 82.5, 80, '2020-07-23 00:58:53', '2020-07-23 00:58:53'),
(155, 561, 2, '2016/2017', 73.33, 73.67, 79.5, 59.67, 72.33, 71.83, 70, '2020-07-23 00:58:53', '2020-07-23 00:58:53'),
(156, 570, 2, '2016/2017', 73, 73.33, 78.5, 68.67, 80.67, 77.75, 65, '2020-07-23 00:58:53', '2020-07-23 00:58:53'),
(157, 573, 2, '2016/2017', 70, 69, 80, 73.44, 75.67, 80.08, 70, '2020-07-23 00:58:53', '2020-07-23 00:58:53'),
(158, 608, 2, '2016/2017', 77, 87.22, 85, 76.67, 81, 85, 82, '2020-07-23 00:58:53', '2020-07-23 00:58:53'),
(159, 609, 2, '2016/2017', 82.67, 81.89, 79, 76.67, 82, 81.42, 78, '2020-07-23 00:58:53', '2020-07-23 00:58:53'),
(160, 618, 2, '2016/2017', 74.67, 81.78, 83.75, 75.33, 82, 81.5, 80, '2020-07-23 00:58:53', '2020-07-23 00:58:53'),
(161, 619, 2, '2016/2017', 64.67, 80, 66.25, 71.33, 65.33, 79.5, 78, '2020-07-23 00:58:53', '2020-07-23 00:58:53'),
(162, 620, 2, '2016/2017', 73.67, 72.44, 82.25, 71.78, 65.33, 77.17, 74, '2020-07-23 00:58:53', '2020-07-23 00:58:53'),
(163, 621, 2, '2016/2017', 78.33, 78, 83.75, 75, 74.33, 77.5, 76, '2020-07-23 00:58:53', '2020-07-23 00:58:53'),
(164, 398, 3, '2016/2017', 69.25, 80.2, 80.5, 73.02, 71.33, 82.44, 82, '2020-07-23 00:58:53', '2020-07-23 00:58:53'),
(165, 400, 3, '2016/2017', 68.33, 80, 81.5, 73.69, 71, 83.11, 80, '2020-07-23 00:58:53', '2020-07-23 00:58:53'),
(166, 403, 3, '2016/2017', 68.47, 81.67, 81, 68.5, 72.33, 80.33, 81, '2020-07-23 00:58:53', '2020-07-23 00:58:53'),
(167, 404, 3, '2016/2017', 68.58, 69.2, 83.25, 65.46, 73, 80.78, 77, '2020-07-23 00:58:53', '2020-07-23 00:58:53'),
(168, 409, 3, '2016/2017', 70.08, 70.2, 82.5, 76.96, 74.67, 83.11, 85, '2020-07-23 00:58:53', '2020-07-23 00:58:53'),
(169, 412, 3, '2016/2017', 71.58, 79.53, 81.5, 79.69, 71.33, 82.78, 84, '2020-07-23 00:58:53', '2020-07-23 00:58:53'),
(170, 413, 3, '2016/2017', 76, 79, 81.5, 73.37, 69.67, 82.89, 82, '2020-07-23 00:58:53', '2020-07-23 00:58:53'),
(171, 417, 3, '2016/2017', 70.56, 68.33, 82, 64.02, 71, 70.11, 74, '2020-07-23 00:58:53', '2020-07-23 00:58:53'),
(172, 431, 3, '2016/2017', 70.61, 75.13, 80.75, 64.57, 71, 73.44, 74, '2020-07-23 00:58:53', '2020-07-23 00:58:53'),
(173, 435, 3, '2016/2017', 70, 80.87, 82, 74.98, 73.33, 82.22, 83, '2020-07-23 00:58:53', '2020-07-23 00:58:53'),
(174, 440, 3, '2016/2017', 65.97, 80, 81.5, 73.72, 74.67, 75.67, 78, '2020-07-23 00:58:53', '2020-07-23 00:58:53'),
(175, 442, 3, '2016/2017', 75.83, 81, 81.5, 74.31, 77, 82.17, 84, '2020-07-23 00:58:53', '2020-07-23 00:58:53'),
(176, 450, 3, '2016/2017', 77.5, 78.33, 79.75, 79.69, 77.67, 82.44, 82, '2020-07-23 00:58:53', '2020-07-23 00:58:53'),
(177, 458, 3, '2016/2017', 69.33, 78.33, 74, 65.19, 71.67, 77.11, 77, '2020-07-23 00:58:53', '2020-07-23 00:58:53'),
(178, 459, 3, '2016/2017', 70.69, 80, 75.25, 67.1, 68.67, 82.89, 77, '2020-07-23 00:58:53', '2020-07-23 00:58:53'),
(179, 462, 3, '2016/2017', 70.2, 81.67, 78.75, 78.48, 72.33, 82.22, 80, '2020-07-23 00:58:53', '2020-07-23 00:58:53'),
(180, 471, 3, '2016/2017', 72.94, 78.17, 81.5, 68.72, 71.33, 81.67, 84, '2020-07-23 00:58:53', '2020-07-23 00:58:53'),
(181, 479, 3, '2016/2017', 75.31, 79.2, 82.75, 68.46, 72.5, 80.78, 78, '2020-07-23 00:58:53', '2020-07-23 00:58:53'),
(182, 480, 3, '2016/2017', 79.22, 80, 83, 71.72, 71, 81.67, 84, '2020-07-23 00:58:53', '2020-07-23 00:58:53'),
(183, 494, 3, '2016/2017', 69.83, 81.67, 80.25, 78.19, 69.33, 82.78, 84, '2020-07-23 00:58:53', '2020-07-23 00:58:53'),
(184, 496, 3, '2016/2017', 69.97, 80, 83.25, 64.63, 67.67, 75.78, 81, '2020-07-23 00:58:53', '2020-07-23 00:58:53'),
(185, 497, 3, '2016/2017', 69.44, 65.47, 82.75, 66.57, 67.33, 80.78, 81, '2020-07-23 00:58:53', '2020-07-23 00:58:53'),
(186, 498, 3, '2016/2017', 65.67, 79.87, 83.25, 65.35, 67, 78.11, 76, '2020-07-23 00:58:53', '2020-07-23 00:58:53'),
(187, 505, 3, '2016/2017', 78.11, 80.07, 75.5, 68.7, 77.33, 82.56, 83, '2020-10-30 00:28:23', '2020-07-23 00:58:53'),
(188, 506, 3, '2016/2017', 63.61, 78, 80.25, 61.91, 67.33, 58.44, 77, '2020-07-23 00:58:53', '2020-07-23 00:58:53'),
(189, 508, 3, '2016/2017', 63.97, 85.07, 80.25, 62.89, 64.33, 62.33, 71, '2020-10-30 00:28:36', '2020-07-23 00:58:53'),
(190, 529, 3, '2016/2017', 65.14, 78, 80.25, 64.2, 65.33, 64.44, 74, '2020-07-23 00:58:53', '2020-07-23 00:58:53'),
(191, 537, 3, '2016/2017', 73.81, 81.53, 77, 76.37, 66.67, 81.56, 84, '2020-07-23 00:58:53', '2020-07-23 00:58:53'),
(192, 540, 3, '2016/2017', 64.92, 80, 82.75, 74.17, 71, 81.33, 72, '2020-07-23 00:58:53', '2020-07-23 00:58:53'),
(193, 555, 3, '2016/2017', 69.92, 81.67, 82.75, 72.81, 75.33, 82.17, 80, '2020-07-23 00:58:53', '2020-07-23 00:58:53'),
(194, 557, 3, '2016/2017', 61.39, 80, 78.5, 62.91, 72, 64.44, 76, '2020-07-23 00:58:53', '2020-07-23 00:58:53'),
(195, 569, 3, '2016/2017', 69.92, 78.17, 76.25, 64.22, 64.33, 64.67, 78, '2020-07-23 00:58:53', '2020-07-23 00:58:53'),
(196, 605, 3, '2016/2017', 75.67, 78.33, 82.75, 69.52, 72.33, 82.44, 83, '2020-07-23 00:58:53', '2020-07-23 00:58:53'),
(197, 610, 3, '2016/2017', 75.14, 80, 82.75, 72.34, 69, 82.39, 73, '2020-07-23 00:58:53', '2020-07-23 00:58:53'),
(198, 625, 3, '2016/2017', 60.69, 80, 78.5, 63.33, 68.67, 67, 71, '2020-07-23 00:58:53', '2020-07-23 00:58:53'),
(199, 626, 3, '2016/2017', 71.22, 73.33, 76, 73.91, 74, 82.78, 78, '2020-07-23 00:58:53', '2020-07-23 00:58:53'),
(200, 397, 1, '2017/2018', 84.68, 74.4, 88.47, 71.53, 74.17, 77.44, 71.33, '2020-07-23 06:54:22', '2020-07-23 06:54:22'),
(201, 405, 1, '2017/2018', 57.35, 54.68, 78.87, 60.26, 60.89, 52.16, 51.6, '2020-07-23 06:54:22', '2020-07-23 06:54:22'),
(202, 410, 1, '2017/2018', 86.38, 78.36, 89.23, 79.68, 77.26, 82.4, 79.6, '2020-07-23 06:54:22', '2020-07-23 06:54:22'),
(203, 411, 1, '2017/2018', 81.3, 70.44, 85.03, 75.65, 78.05, 74.36, 74.07, '2020-10-30 00:36:45', '2020-07-23 06:54:22'),
(204, 424, 1, '2017/2018', 80.13, 66.08, 83.4, 72.38, 71.81, 69.48, 71.4, '2020-10-30 00:37:18', '2020-07-23 06:54:22'),
(205, 425, 1, '2017/2018', 86.53, 80.48, 84.7, 81.34, 81.04, 84.88, 81.87, '2020-10-30 00:38:27', '2020-07-23 06:54:22'),
(206, 426, 1, '2017/2018', 70.85, 69.16, 87.53, 75.25, 77.73, 72.04, 68.73, '2020-10-30 00:39:12', '2020-07-23 06:54:22'),
(207, 429, 1, '2017/2018', 91.65, 82.68, 88.9, 88.05, 89.39, 89.24, 88.13, '2020-10-30 00:40:03', '2020-07-23 06:54:22'),
(208, 436, 1, '2017/2018', 86.05, 82.6, 84.97, 79.65, 77.39, 83.96, 82, '2020-10-30 00:40:13', '2020-07-23 06:54:22'),
(209, 441, 1, '2017/2018', 89.73, 84.6, 86.9, 85.65, 85.3, 86.48, 79.27, '2020-07-23 06:54:22', '2020-07-23 06:54:22'),
(210, 829, 1, '2017/2018', 88.35, 79.58, 88.27, 85.39, 82.35, 82.74, 87.33, '2020-07-23 06:54:22', '2020-07-23 06:54:22'),
(211, 446, 1, '2017/2018', 70.53, 67.08, 83.73, 65.05, 67.61, 60.32, 64.67, '2020-10-30 00:42:18', '2020-07-23 06:54:22'),
(212, 460, 1, '2017/2018', 74.13, 70.64, 89.27, 67.6, 73.62, 73.28, 69.07, '2020-10-30 00:43:09', '2020-07-23 06:54:22'),
(213, 461, 1, '2017/2018', 78.85, 70.64, 85.63, 69.58, 69.74, 76, 64.33, '2020-07-23 06:54:22', '2020-07-23 06:54:22'),
(214, 470, 1, '2017/2018', 76.98, 75.84, 84.97, 75.09, 74.49, 73.48, 62.8, '2020-10-30 00:44:13', '2020-07-23 06:54:22'),
(215, 475, 1, '2017/2018', 86.18, 79.6, 85.97, 84.51, 83.98, 86.04, 80.8, '2020-10-30 00:45:22', '2020-07-23 06:54:22'),
(216, 478, 1, '2017/2018', 82.45, 69.32, 85.67, 76.22, 77.11, 74.6, 78.13, '2020-07-23 06:54:22', '2020-07-23 06:54:22'),
(217, 481, 1, '2017/2018', 79.65, 71.24, 82.1, 71.6, 80.42, 74.32, 74, '2020-07-23 06:54:22', '2020-07-23 06:54:22'),
(218, 482, 1, '2017/2018', 77.4, 72.16, 88.13, 68.52, 70.93, 75.52, 73.87, '2020-07-23 06:54:22', '2020-07-23 06:54:22'),
(219, 483, 1, '2017/2018', 62.38, 54.04, 84.63, 52.14, 53.6, 54.96, 55.6, '2020-10-30 00:46:59', '2020-07-23 06:54:22'),
(220, 486, 1, '2017/2018', 88.8, 75.92, 85.97, 81.53, 78.83, 82.24, 78.6, '2020-07-23 06:54:22', '2020-07-23 06:54:22'),
(221, 487, 1, '2017/2018', 81.35, 77.76, 89.83, 83.87, 85.55, 85.68, 82.93, '2020-07-23 06:54:22', '2020-07-23 06:54:22'),
(222, 490, 1, '2017/2018', 76.23, 61.44, 86.77, 71.48, 76.11, 67.68, 70.65, '2020-07-23 06:54:22', '2020-07-23 06:54:22'),
(223, 501, 1, '2017/2018', 62.23, 56.36, 84.83, 58.6, 61.45, 64.64, 60.73, '2020-07-23 06:54:22', '2020-07-23 06:54:22'),
(224, 507, 1, '2017/2018', 86.3, 79.88, 87.43, 85, 86.58, 88.56, 88.07, '2020-10-30 00:50:12', '2020-07-23 06:54:22'),
(225, 511, 1, '2017/2018', 80.53, 71.12, 88.53, 75, 79.09, 74.88, 63.6, '2020-10-30 00:50:30', '2020-07-23 06:54:22'),
(226, 523, 1, '2017/2018', 62.33, 48.24, 84.57, 58, 68.3, 51.28, 47.33, '2020-10-30 00:51:20', '2020-07-23 06:54:22'),
(227, 527, 1, '2017/2018', 83.87, 79.84, 86.47, 75, 83.43, 80.8, 81.2, '2020-07-23 06:54:22', '2020-07-23 06:54:22'),
(228, 531, 1, '2017/2018', 86.2, 78, 86.6, 80, 81.75, 78.16, 83.75, '2020-07-23 06:54:22', '2020-07-23 06:54:22'),
(229, 534, 1, '2017/2018', 82.5, 71.72, 83.6, 78.65, 80.31, 74.4, 70.1, '2020-07-23 06:54:22', '2020-07-23 06:54:22'),
(230, 546, 1, '2017/2018', 89.7, 82.76, 85.97, 86.81, 81.41, 81.72, 87.07, '2020-10-30 00:53:18', '2020-07-23 06:54:22'),
(231, 549, 1, '2017/2018', 78.93, 70.16, 84.2, 72.88, 74.79, 76.4, 73.67, '2020-07-23 06:54:22', '2020-07-23 06:54:22'),
(232, 551, 1, '2017/2018', 88.05, 84.44, 85.8, 85.16, 83.73, 84.2, 90.6, '2020-10-30 00:54:29', '2020-07-23 06:54:22'),
(233, 554, 1, '2017/2018', 81.7, 59.88, 80.4, 70, 75.21, 69.2, 78.6, '2020-07-23 06:54:22', '2020-07-23 06:54:22'),
(234, 560, 1, '2017/2018', 87.23, 75.64, 85.53, 83.32, 85.01, 77.32, 77.47, '2020-10-30 00:55:47', '2020-07-23 06:54:22'),
(235, 561, 1, '2017/2018', 71, 56.08, 84.87, 58.64, 64.15, 63.48, 62.87, '2020-10-30 00:56:24', '2020-07-23 06:54:22'),
(236, 570, 1, '2017/2018', 82.15, 70.72, 84.3, 85, 77.2, 75.08, 75.8, '2020-07-23 06:54:22', '2020-07-23 06:54:22'),
(237, 573, 1, '2017/2018', 74.6, 62.56, 82.9, 75, 78.55, 67.24, 68.73, '2020-07-23 06:54:22', '2020-07-23 06:54:22'),
(238, 608, 1, '2017/2018', 89.95, 85.2, 83.7, 90, 87.28, 91.72, 82.67, '2020-07-23 06:54:22', '2020-07-23 06:54:22'),
(239, 609, 1, '2017/2018', 85.6, 75.76, 83.9, 78.91, 83.98, 79.68, 72, '2020-07-23 06:54:22', '2020-07-23 06:54:22'),
(240, 618, 1, '2017/2018', 83.35, 74.56, 87.3, 78.61, 75.4, 79.4, 76.6, '2020-07-23 06:54:22', '2020-07-23 06:54:22'),
(241, 619, 1, '2017/2018', 82.9, 71.84, 86.57, 71.13, 70.67, 71.4, 76.53, '2020-07-23 06:54:22', '2020-07-23 06:54:22'),
(242, 620, 1, '2017/2018', 71.63, 58.44, 84.1, 75, 62.57, 61.04, 73.53, '2020-10-30 00:59:28', '2020-07-23 06:54:22'),
(243, 621, 1, '2017/2018', 79.25, 66.52, 87.3, 77, 79.46, 75.84, 72.93, '2020-07-23 06:54:22', '2020-07-23 06:54:22'),
(244, 398, 2, '2017/2018', 78.03, 80.64, 79, 81.53, 79.68, 83.52, 76.93, '2020-10-30 01:02:28', '2020-07-23 06:54:22'),
(245, 400, 2, '2017/2018', 71.7, 78, 78, 77.33, 70.68, 80.4, 79.13, '2020-07-23 06:54:22', '2020-07-23 06:54:22'),
(246, 403, 2, '2017/2018', 82.2, 77.64, 81, 80.6, 76.32, 77.72, 73.13, '2020-07-23 06:54:22', '2020-07-23 06:54:22'),
(247, 404, 2, '2017/2018', 75.05, 78.92, 76, 80.33, 75.23, 76.68, 77.87, '2020-10-30 01:03:53', '2020-07-23 06:54:22'),
(248, 409, 2, '2017/2018', 80.12, 84, 82, 90.47, 76.45, 83, 86.27, '2020-10-30 01:05:29', '2020-07-23 06:54:22'),
(249, 412, 2, '2017/2018', 84.1, 86.4, 81, 79.87, 76.55, 85.8, 81.87, '2020-07-23 06:54:22', '2020-07-23 06:54:22'),
(250, 413, 2, '2017/2018', 78.3, 81, 81, 79.73, 75.63, 85, 77.33, '2020-07-23 06:54:22', '2020-07-23 06:54:22'),
(251, 417, 2, '2017/2018', 72.7, 69.12, 77, 73.6, 69.97, 70.68, 62.8, '2020-07-23 06:54:22', '2020-07-23 06:54:22'),
(252, 431, 2, '2017/2018', 66.13, 71.64, 77, 77.07, 68.64, 78.56, 65.93, '2020-10-30 01:09:55', '2020-07-23 06:54:22'),
(253, 435, 2, '2017/2018', 78.97, 86.8, 76, 82.53, 72.67, 86.08, 76.47, '2020-10-30 01:12:02', '2020-07-23 06:54:22'),
(254, 440, 2, '2017/2018', 71.9, 80.52, 77, 76.87, 77.82, 81.48, 71, '2020-07-23 06:54:22', '2020-07-23 06:54:22'),
(255, 442, 2, '2017/2018', 80.93, 84.2, 77, 84.47, 78.93, 82.68, 76.4, '2020-07-23 06:54:22', '2020-07-23 06:54:22'),
(256, 450, 2, '2017/2018', 85.87, 85.4, 82, 88, 80.09, 86.28, 82.2, '2020-10-30 01:14:02', '2020-07-23 06:54:22'),
(257, 458, 2, '2017/2018', 80.63, 76.44, 79, 79.4, 70.14, 75.56, 72.33, '2020-07-23 06:54:22', '2020-07-23 06:54:22'),
(258, 459, 2, '2017/2018', 82.9, 79.4, 77, 80.27, 73.82, 79.92, 76, '2020-07-23 06:54:22', '2020-07-23 06:54:22'),
(259, 462, 2, '2017/2018', 83.55, 84.72, 78, 78.73, 79, 84.88, 80.07, '2020-10-30 01:15:56', '2020-07-23 06:54:22'),
(260, 471, 2, '2017/2018', 82.9, 79.92, 76, 81, 70.22, 83.2, 82.13, '2020-07-23 06:54:22', '2020-07-23 06:54:22'),
(261, 479, 2, '2017/2018', 82.52, 79.64, 79, 78.33, 76.69, 77.88, 72.87, '2020-07-23 06:54:22', '2020-07-23 06:54:22'),
(262, 480, 2, '2017/2018', 82.76, 82.52, 82, 81.87, 78.26, 84.6, 77.8, '2020-07-23 06:54:22', '2020-07-23 06:54:22'),
(263, 494, 2, '2017/2018', 81.8, 83, 85, 86.87, 81.15, 82.8, 84.8, '2020-07-23 06:54:22', '2020-07-23 06:54:22'),
(264, 496, 2, '2017/2018', 76.4, 72.84, 77, 80.13, 69.46, 75.48, 73.8, '2020-07-23 06:54:22', '2020-07-23 06:54:22'),
(265, 497, 2, '2017/2018', 78.62, 75.92, 79, 76.2, 74.98, 73.28, 75.47, '2020-07-23 06:54:22', '2020-07-23 06:54:22'),
(266, 498, 2, '2017/2018', 75.93, 70.92, 79, 77.67, 73.43, 71.68, 78.87, '2020-07-23 06:54:22', '2020-07-23 06:54:22'),
(267, 505, 2, '2017/2018', 82.88, 82.12, 84, 81.93, 79.67, 81.32, 77.13, '2020-07-23 06:54:22', '2020-07-23 06:54:22'),
(268, 506, 2, '2017/2018', 63.95, 66.44, 77, 70.33, 71.62, 65.8, 64.4, '2020-07-23 06:54:22', '2020-07-23 06:54:22'),
(269, 508, 2, '2017/2018', 61.8, 65.44, 76, 72.47, 73.49, 67.2, 59.47, '2020-07-23 06:54:22', '2020-07-23 06:54:22'),
(270, 529, 2, '2017/2018', 74.2, 63.84, 76, 72.6, 75.01, 70.88, 61.07, '2020-10-30 01:22:54', '2020-07-23 06:54:22'),
(271, 537, 2, '2017/2018', 83.65, 80.4, 79, 90.67, 77.28, 83.92, 81.33, '2020-07-23 06:54:22', '2020-07-23 06:54:22'),
(272, 540, 2, '2017/2018', 69.88, 78.52, 76, 78.33, 70.78, 81.92, 72.87, '2020-07-23 06:54:22', '2020-07-23 06:54:22'),
(273, 555, 2, '2017/2018', 72.43, 78.24, 76, 85.47, 69.57, 81.36, 74.6, '2020-07-23 06:54:22', '2020-07-23 06:54:22'),
(274, 557, 2, '2017/2018', 71.28, 71.32, 76, 77.8, 73.62, 77.08, 75.73, '2020-10-30 01:24:44', '2020-07-23 06:54:22'),
(275, 569, 2, '2017/2018', 64.52, 67, 77, 76.6, 76.58, 75.84, 68.07, '2020-10-30 01:25:11', '2020-07-23 06:54:22'),
(276, 605, 2, '2017/2018', 71.72, 77.72, 76, 82.47, 72.26, 84.12, 69.33, '2020-10-30 01:26:20', '2020-07-23 06:54:22'),
(277, 610, 2, '2017/2018', 73.72, 77.84, 78, 79.87, 70.26, 78.8, 68.8, '2020-10-30 01:26:51', '2020-07-23 06:54:22'),
(278, 625, 2, '2017/2018', 65.6, 71.72, 77, 76.47, 70.98, 70.96, 66.07, '2020-10-30 01:28:18', '2020-07-23 06:54:22'),
(279, 626, 2, '2017/2018', 78.8, 77.92, 78, 82.73, 74.33, 81.12, 70.93, '2020-07-23 06:54:22', '2020-07-23 06:54:22'),
(280, 396, 3, '2017/2018', 75.62, 73.84, 77, 81.27, 70.72, 75.56, 79.8, '2020-07-23 06:54:22', '2020-07-23 06:54:22'),
(281, 402, 3, '2017/2018', 75.47, 75.12, 80, 81.2, 71.8, 68.92, 82.53, '2020-07-23 06:54:22', '2020-07-23 06:54:22'),
(282, 414, 3, '2017/2018', 74.29, 74.12, 77, 80, 72.85, 75.52, 78.73, '2020-07-23 06:54:22', '2020-07-23 06:54:22'),
(283, 420, 3, '2017/2018', 79.23, 81.8, 80, 82.73, 80.07, 83, 83.67, '2020-10-30 01:31:24', '2020-07-23 06:54:22'),
(284, 430, 3, '2017/2018', 74.43, 79.8, 89, 87.87, 75.17, 81.4, 85.47, '2020-07-23 06:54:22', '2020-07-23 06:54:22'),
(285, 437, 3, '2017/2018', 79.23, 75.52, 79, 80.13, 74.32, 78.64, 80.2, '2020-07-23 06:54:22', '2020-07-23 06:54:22'),
(286, 438, 3, '2017/2018', 73.68, 72.84, 78, 80.27, 71.75, 75.96, 78.33, '2020-07-23 06:54:22', '2020-07-23 06:54:22'),
(287, 452, 3, '2017/2018', 53.73, 56, 75.2, 77.2, 52.29, 74.04, 70, '2020-10-30 01:33:05', '2020-07-23 06:54:22'),
(288, 474, 3, '2017/2018', 78, 70.52, 79, 80.87, 64.87, 78.84, 76.2, '2020-07-23 06:54:22', '2020-07-23 06:54:22'),
(289, 502, 3, '2017/2018', 76.34, 79.72, 77, 77.73, 70.38, 78.64, 74, '2020-07-23 06:54:22', '2020-07-23 06:54:22'),
(290, 504, 3, '2017/2018', 78.65, 79.12, 76, 79.33, 72.07, 83.56, 76.93, '2020-10-30 01:34:32', '2020-07-23 06:54:22'),
(291, 516, 3, '2017/2018', 81.95, 80.36, 77, 83.07, 75.6, 71.24, 82.07, '2020-10-30 01:35:11', '2020-07-23 06:54:22'),
(292, 535, 3, '2017/2018', 75.94, 67.12, 77, 78.27, 74.38, 72.64, 69.07, '2020-10-30 01:35:27', '2020-07-23 06:54:22'),
(293, 542, 3, '2017/2018', 76.38, 67.92, 77, 76.53, 75.17, 57.12, 70.67, '2020-07-23 06:54:22', '2020-07-23 06:54:22'),
(294, 545, 3, '2017/2018', 72.63, 56.4, 76, 70.13, 62.82, 80.2, 68.73, '2020-07-23 06:54:22', '2020-07-23 06:54:22'),
(295, 559, 3, '2017/2018', 81.15, 79, 78, 80.33, 76.47, 83, 77.47, '2020-07-23 06:54:22', '2020-07-23 06:54:22'),
(296, 612, 3, '2017/2018', 82.08, 81.8, 77, 79.33, 74.8, 77.72, 82.73, '2020-10-30 01:37:02', '2020-07-23 06:54:22'),
(297, 615, 3, '2017/2018', 79.18, 69.8, 77, 74.67, 74.9, 68.08, 75.13, '2020-10-30 01:37:36', '2020-07-23 06:54:22'),
(298, 624, 3, '2017/2018', 70.49, 63.48, 76, 68.73, 65.3, 65.53, 70.73, '2020-07-23 06:54:22', '2020-07-23 06:54:22'),
(740, 395, 1, '2018/2019', 77.23, 75.15, 71.5, 80.51, 74.35, 72.23, 65.1, '2020-10-30 07:03:35', '2020-07-23 09:08:12'),
(741, 415, 1, '2018/2019', 77.53, 71.9, 75.3, 72.73, 74.6, 77.3, 65.8, '2020-07-23 09:08:12', '2020-07-23 09:08:12'),
(742, 416, 1, '2018/2019', 78.47, 70.65, 59.7, 64.34, 70.2, 62.52, 55.5, '2020-07-23 09:08:12', '2020-07-23 09:08:12'),
(743, 418, 1, '2018/2019', 75.17, 73.95, 73.3, 76.73, 71.65, 77.43, 64.9, '2020-07-23 09:08:12', '2020-07-23 09:08:12'),
(744, 421, 1, '2018/2019', 79.83, 76.45, 76.3, 74.82, 75.1, 78.89, 68.5, '2020-07-23 09:08:12', '2020-07-23 09:08:12'),
(745, 423, 1, '2018/2019', 77.4, 82.55, 88.3, 91.88, 76.5, 83.89, 75.7, '2020-07-23 09:08:12', '2020-07-23 09:08:12'),
(746, 427, 1, '2018/2019', 83.13, 74.8, 71.1, 66.23, 68.7, 69.6, 56.3, '2020-07-23 09:08:12', '2020-07-23 09:08:12'),
(747, 428, 1, '2018/2019', 79.13, 73.7, 80.6, 81.35, 75.5, 84.15, 80, '2020-07-23 09:08:12', '2020-07-23 09:08:12'),
(748, 455, 1, '2018/2019', 80.33, 72.45, 87.1, 82.63, 77.6, 81.81, 87.3, '2020-07-23 09:08:12', '2020-07-23 09:08:12'),
(749, 465, 1, '2018/2019', 78.1, 77.05, 77.2, 82.37, 75.2, 88.35, 82.6, '2020-10-30 07:07:55', '2020-07-23 09:08:12'),
(750, 466, 1, '2018/2019', 79.23, 71.65, 79.3, 69.05, 73.6, 77.91, 72.2, '2020-10-30 07:08:32', '2020-07-23 09:08:12'),
(751, 472, 1, '2018/2019', 81.83, 83.65, 81.7, 92.7, 78, 80.6, 83.7, '2020-07-23 09:08:12', '2020-07-23 09:08:12'),
(752, 473, 1, '2018/2019', 77.67, 82.2, 85.6, 93.83, 78.8, 91.53, 86.15, '2020-07-23 09:08:12', '2020-07-23 09:08:12'),
(753, 491, 1, '2018/2019', 76.13, 77.65, 65, 72.33, 64.95, 55.77, 60.95, '2020-07-23 09:08:12', '2020-07-23 09:08:12'),
(754, 492, 1, '2018/2019', 79.17, 74.85, 82.6, 84.03, 73, 83.47, 85.2, '2020-10-30 07:09:56', '2020-07-23 09:08:12'),
(755, 515, 1, '2018/2019', 78.73, 72.7, 83.4, 73.45, 75.1, 77.24, 75.9, '2020-07-23 09:08:12', '2020-07-23 09:08:12'),
(756, 509, 1, '2018/2019', 79.6, 81.45, 85.3, 86.6, 75.6, 81.63, 84.55, '2020-07-23 09:08:12', '2020-07-23 09:08:12'),
(757, 520, 1, '2018/2019', 78.07, 82.95, 88.9, 79.83, 74.9, 87.55, 82.3, '2020-10-30 07:11:03', '2020-07-23 09:08:12'),
(758, 525, 1, '2018/2019', 78.43, 65.8, 84.4, 68.65, 75.95, 72.84, 81.15, '2020-07-23 09:08:12', '2020-07-23 09:08:12'),
(759, 530, 1, '2018/2019', 80.43, 78.65, 82.3, 72, 76, 76.05, 75.3, '2020-10-30 07:12:21', '2020-07-23 09:08:12'),
(760, 533, 1, '2018/2019', 78.77, 74.65, 79.3, 77.92, 74.75, 81.96, 77.3, '2020-07-23 09:08:12', '2020-07-23 09:08:12'),
(761, 539, 1, '2018/2019', 76.37, 76.15, 83.8, 83.57, 72, 78.84, 82.15, '2020-07-23 09:08:12', '2020-07-23 09:08:12'),
(762, 550, 1, '2018/2019', 78.8, 82.1, 79.7, 87.21, 74, 80.79, 83.3, '2020-07-23 09:08:12', '2020-07-23 09:08:12'),
(763, 552, 1, '2018/2019', 77.2, 77.65, 87.9, 75.18, 77.4, 82.51, 79.65, '2020-07-23 09:08:12', '2020-07-23 09:08:12'),
(764, 563, 1, '2018/2019', 78.17, 78.45, 85.6, 85.38, 78.4, 82.18, 79.85, '2020-07-23 09:08:12', '2020-07-23 09:08:12'),
(765, 564, 1, '2018/2019', 78.4, 74.05, 83.2, 69.91, 79.6, 81.61, 65.1, '2020-10-30 07:14:16', '2020-07-23 09:08:12'),
(766, 566, 1, '2018/2019', 76.77, 77.05, 80.1, 83.73, 74.15, 72.56, 85.3, '2020-10-30 07:14:59', '2020-07-23 09:08:12'),
(767, 606, 1, '2018/2019', 79.27, 75.35, 79.9, 74.02, 77.4, 82.86, 74.65, '2020-10-30 07:15:18', '2020-07-23 09:08:12'),
(768, 607, 1, '2018/2019', 79.1, 74.8, 78, 78.58, 77.8, 84.42, 79.9, '2020-07-23 09:08:12', '2020-07-23 09:08:12'),
(769, 614, 1, '2018/2019', 76.87, 80.7, 61.4, 85.63, 78.8, 86.92, 76.9, '2020-07-23 09:08:12', '2020-07-23 09:08:12'),
(770, 617, 1, '2018/2019', 78.17, 79.15, 59.9, 74.94, 79, 78.51, 68.45, '2020-07-23 09:08:12', '2020-07-23 09:08:12'),
(771, 407, 2, '2018/2019', 70.15, 77.87, 74, 72.68, 78.8, 75.63, 73.83, '2020-07-23 09:08:12', '2020-07-23 09:08:12'),
(772, 419, 2, '2018/2019', 68.95, 75, 74.4, 75.2, 73.1, 75.4, 63.97, '2020-07-23 09:08:12', '2020-07-23 09:08:12'),
(773, 422, 2, '2018/2019', 76.65, 79.33, 79.45, 79.05, 76.67, 84.68, 73.97, '2020-10-30 07:19:30', '2020-07-23 09:08:12'),
(774, 432, 2, '2018/2019', 49.75, 75.06, 71.6, 65.2, 56.63, 43.7, 58.9, '2020-10-30 07:19:50', '2020-07-23 09:08:12'),
(775, 433, 2, '2018/2019', 61.15, 73.94, 75.95, 65.43, 68.67, 77.55, 56.23, '2020-07-23 09:08:12', '2020-07-23 09:08:12'),
(776, 448, 2, '2018/2019', 63.1, 79.58, 75.95, 71.33, 67.97, 65.7, 59.73, '2020-07-23 09:08:12', '2020-07-23 09:08:12'),
(777, 451, 2, '2018/2019', 65.45, 79.1, 73.4, 73.63, 72.93, 77.42, 69, '2020-07-23 09:08:12', '2020-07-23 09:08:12'),
(778, 457, 2, '2018/2019', 77.3, 80.55, 77.6, 91.78, 76.47, 83.67, 77.8, '2020-07-23 09:08:12', '2020-07-23 09:08:12'),
(779, 463, 2, '2018/2019', 72.95, 76.84, 71.45, 86.15, 76.5, 83.13, 68.3, '2020-07-23 09:08:12', '2020-07-23 09:08:12'),
(780, 467, 2, '2018/2019', 61.05, 78.07, 79.5, 67.98, 65.97, 76.3, 64.8, '2020-10-30 07:22:02', '2020-07-23 09:08:12'),
(781, 488, 2, '2018/2019', 75.15, 75.06, 81, 75.1, 74.93, 82.43, 76.97, '2020-10-30 07:22:19', '2020-07-23 09:08:12'),
(782, 489, 2, '2018/2019', 74.45, 82.81, 83.95, 75.35, 77.83, 83.63, 71.17, '2020-07-23 09:08:12', '2020-07-23 09:08:12'),
(783, 493, 2, '2018/2019', 57.55, 74.16, 67.5, 67.8, 76.1, 73.13, 59.83, '2020-07-23 09:08:12', '2020-07-23 09:08:12'),
(784, 503, 2, '2018/2019', 79.55, 86.69, 81.35, 78.5, 84.37, 90.37, 84.43, '2020-07-23 09:08:12', '2020-07-23 09:08:12'),
(785, 512, 2, '2018/2019', 57.3, 73.37, 70.85, 68.45, 67.1, 58.98, 57.43, '2020-07-23 09:08:12', '2020-07-23 09:08:12'),
(786, 513, 2, '2018/2019', 66.2, 77.17, 79.45, 77.4, 73.37, 74.22, 64.73, '2020-07-23 09:08:12', '2020-07-23 09:08:12'),
(787, 541, 2, '2018/2019', 68.85, 75.95, 74.7, 89.58, 77.37, 79.08, 73.77, '2020-10-30 07:24:25', '2020-07-23 09:08:12'),
(788, 548, 2, '2018/2019', 85.7, 79.49, 80.35, 92.7, 79.23, 81.47, 83.1, '2020-07-23 09:08:12', '2020-07-23 09:08:12'),
(789, 553, 2, '2018/2019', 64.35, 74.47, 75.55, 64.85, 74.5, 73.83, 62.43, '2020-07-23 09:08:12', '2020-07-23 09:08:12'),
(790, 568, 2, '2018/2019', 52.4, 80.06, 78, 74.65, 67.8, 72.63, 70.83, '2020-10-30 07:26:33', '2020-07-23 09:08:12'),
(791, 611, 2, '2018/2019', 59.45, 77.61, 80.65, 71.4, 73.3, 83.65, 66.17, '2020-07-23 09:08:12', '2020-07-23 09:08:12'),
(792, 613, 2, '2018/2019', 71.15, 76.84, 70.85, 67, 81.6, 80.63, 69.77, '2020-07-23 09:08:12', '2020-07-23 09:08:12'),
(793, 434, 3, '2018/2019', 76.2, 75.37, 83.73, 74.27, 60, 87.35, 77.6, '2020-07-23 09:08:12', '2020-07-23 09:08:12'),
(794, 445, 3, '2018/2019', 73.8, 76.17, 80.83, 74.42, 50, 76.35, 71.3, '2020-07-23 09:08:12', '2020-07-23 09:08:12'),
(795, 453, 3, '2018/2019', 77.6, 81.37, 85.6, 76.66, 75, 88.51, 79, '2020-07-23 09:08:12', '2020-07-23 09:08:12'),
(796, 454, 3, '2018/2019', 80.6, 88.7, 89.77, 78.73, 80, 90.26, 85.3, '2020-07-23 09:08:12', '2020-07-23 09:08:12'),
(797, 510, 3, '2018/2019', 76.6, 77.73, 81.5, 75.43, 60, 80.87, 77, '2020-07-23 09:08:12', '2020-07-23 09:08:12'),
(798, 517, 3, '2018/2019', 66.1, 65.57, 79.57, 73.18, 60, 66.12, 69.3, '2020-07-23 09:08:12', '2020-07-23 09:08:12'),
(799, 528, 3, '2018/2019', 68.9, 74.4, 83.97, 56.03, 60, 81, 67, '2020-10-30 01:42:43', '2020-07-23 09:08:12'),
(800, 547, 3, '2018/2019', 79.6, 81.37, 84.4, 84.07, 80, 89.88, 77.8, '2020-10-30 01:43:04', '2020-07-23 09:08:12'),
(801, 572, 3, '2018/2019', 75.3, 74.7, 79.9, 70.22, 60, 83.29, 76.9, '2020-07-23 09:08:12', '2020-07-23 09:08:12'),
(802, 622, 3, '2018/2019', 79, 81.87, 83.6, 74.96, 75, 87.41, 81.5, '2020-07-23 09:08:12', '2020-07-23 09:08:12');

-- --------------------------------------------------------

--
-- Struktur dari tabel `siswa`
--

CREATE TABLE `siswa` (
  `id` int(10) UNSIGNED NOT NULL,
  `user_id` int(11) DEFAULT NULL,
  `nis` varchar(191) COLLATE utf8mb4_unicode_ci DEFAULT NULL,
  `nisn` varchar(191) COLLATE utf8mb4_unicode_ci DEFAULT NULL,
  `nama_depan` varchar(191) COLLATE utf8mb4_unicode_ci NOT NULL,
  `nama_belakang` varchar(191) COLLATE utf8mb4_unicode_ci NOT NULL,
  `jenis_kelamin` varchar(191) COLLATE utf8mb4_unicode_ci NOT NULL,
  `tempat_lahir` varchar(191) COLLATE utf8mb4_unicode_ci NOT NULL,
  `tanggal_lahir` date NOT NULL,
  `agama` varchar(191) COLLATE utf8mb4_unicode_ci NOT NULL,
  `nama_orangtua` varchar(191) COLLATE utf8mb4_unicode_ci NOT NULL,
  `alamat` text COLLATE utf8mb4_unicode_ci NOT NULL,
  `kelurahan` varchar(191) COLLATE utf8mb4_unicode_ci NOT NULL,
  `avatar` varchar(255) COLLATE utf8mb4_unicode_ci DEFAULT NULL,
  `created_at` timestamp NULL DEFAULT NULL,
  `updated_at` timestamp NULL DEFAULT NULL
) ENGINE=InnoDB DEFAULT CHARSET=utf8mb4 COLLATE=utf8mb4_unicode_ci;

--
-- Dumping data untuk tabel `siswa`
--

INSERT INTO `siswa` (`id`, `user_id`, `nis`, `nisn`, `nama_depan`, `nama_belakang`, `jenis_kelamin`, `tempat_lahir`, `tanggal_lahir`, `agama`, `nama_orangtua`, `alamat`, `kelurahan`, `avatar`, `created_at`, `updated_at`) VALUES
(395, NULL, '181910001', '031990883', 'AALIYAH AZ ZAHRA', ' ', 'P', 'Bekasi', '2003-06-29', 'Islam', 'M Wahyu Sutopo', 'Narogong , JL Dahlia Blok D 94/12 Pengasinan Rawalumbu', 'Pengasinan', '', '2020-06-18 06:21:59', '2020-06-18 06:21:59'),
(396, NULL, '131410002', '9986409948', 'ACHMAD NAJIB BURHANI', ' ', 'L', 'Bekasi', '1998-11-30', 'Islam', 'Syahruddin', 'Kp.Rawa Panjang', 'Sepanjang Jaya', '', '2020-06-18 06:21:59', '2020-06-18 06:21:59'),
(397, NULL, '151610001', '0009880924', 'ACHMAD ROIHAN', ' ', 'L', 'JAKARTA', '2000-06-27', 'Islam', 'Siregar Mohamad Rahim D', 'Kp Rawa Roko', 'Bojong Rawalumbu', '', '2020-06-18 06:21:59', '2020-06-18 06:21:59'),
(398, NULL, '141510001', '9986278270', 'ADISTI NUR AZIZAH', ' ', 'P', 'Bekasi', '1998-12-02', 'Islam', 'Sukowarno', 'Bengkong N0 105', 'Pedurenan', '', '2020-06-18 06:21:59', '2020-06-18 06:21:59'),
(399, NULL, '192010001', '0046379578', 'ADITYA TRI UTAMA', ' ', 'L', 'Bekasi', '2004-01-05', 'Islam', 'Suyatno', 'Jl.Bunga Harapan Gg.Serai RT.06 RW 08 Kel.Margahayu', 'Margahayu', '', '2020-06-18 06:24:10', '2020-06-18 06:24:10'),
(400, NULL, '141510002', '9992542910', 'AGUS SALIM', ' ', 'L', 'Bekasi', '1999-08-10', 'Islam', 'Samur', 'Makrik', 'Bojong Rawalumbu', '', '2020-06-18 06:24:10', '2020-06-18 06:24:10'),
(401, NULL, '161710001', '0014402371', 'AHLANUDIN FIDRORI', ' ', 'L', 'BEKASI', '2001-08-04', 'Islam', 'KARTOPO', 'pengasinan', 'Pengasinan', '', '2020-06-18 06:24:10', '2020-06-18 06:24:10'),
(402, NULL, '131410001', '9981860528', 'AHMAD FASEHULISAN', ' ', 'L', 'Tegal', '1998-01-19', 'Islam', 'Slamet Harjono', 'Kp.Rawa Panjang', 'Sepanjang Jaya', '', '2020-06-18 06:24:10', '2020-06-18 06:24:10'),
(403, NULL, '141510003', '9992759509', 'AJENG RAHAYU NINGSIH', ' ', 'P', 'Sragen', '1999-01-21', 'Islam', 'Suherman', 'Baiduri Bulan', 'Bojong Rawalumbu', '', '2020-06-18 06:24:10', '2020-06-18 06:24:10'),
(404, NULL, '141510004', '9992581693', 'ALFANDY SURYA KELANA', ' ', 'L', 'Margorejo', '1999-07-21', 'Islam', 'Maulana Malik', 'Bojong Menteng', 'Bojong Menteng', '', '2020-06-18 06:25:52', '2020-06-18 06:25:52'),
(405, NULL, '151610002', '0005767360', 'ALFONSO BRAYEN HASUDUNGAN', ' ', 'L', 'JAKARTA', '2000-03-23', 'Kristen', 'Sastra Parhusip', 'Perum Bojong Menteng Blok C', 'Bojong Menteng', '', '2020-06-18 06:25:52', '2020-06-18 06:25:52'),
(406, NULL, '192010002', '0098797977', 'ALHAKIM NUR AKBAR', ' ', 'L', 'Depok ', '2002-01-03', 'Islam', 'Nofrizal', 'Kamp.Rawa Roko Rawa Lumbu RT 03/RW 05', 'Sepanjang Jaya', '', '2020-06-18 06:25:52', '2020-06-18 06:25:52'),
(407, NULL, '171810001', '0024098288', 'ALIF KHOIRUL ASOLEH', ' ', 'L', 'Gunung Kidul', '2002-01-02', 'Islam', 'Sunarto', 'Kp. Rawa Panjang Rt. 02/05 Rawa Panjang', 'Sepanjang Jaya', '', '2020-06-18 06:25:52', '2020-06-18 06:25:52'),
(408, NULL, '192010003', '0046601094', 'AMELIA', ' ', 'P', 'Bekasi', '2004-05-07', 'Islam', 'Dicky Nurzaman', 'Kp.Rawa Panjang Rt 02/05 Kel.Sepanjang Jaya', 'Sepanjang Jaya', '', '2020-06-18 06:25:52', '2020-06-18 06:25:52'),
(409, NULL, '141510005', '9997083639', 'ANDRES NUR JALAL', ' ', 'L', 'Bekasi', '1999-09-08', 'Islam', 'Ade darman', 'Pansor Bojong Menteng', 'Bojong Menteng', '', '2020-06-18 06:27:18', '2020-06-18 06:27:18'),
(410, NULL, '151610003', '0001937910', 'ANESA CHRISTY', ' ', 'P', 'Bekasi', '2000-11-16', 'Kristen', 'Erwan Sipayung', 'Gg Manggis I Bojong Menteng', 'Bojong Menteng', '', '2020-06-18 06:27:18', '2020-06-18 06:27:18'),
(411, NULL, '151610004', '0002086216', 'ANEU YULIANA ULFAH', ' ', 'P', 'Bekasi', '2000-02-24', 'Islam', 'Dadang Hamdani', 'Kp Rawa Panjang', 'Sepanjang Jaya', '', '2020-06-18 06:27:18', '2020-06-18 06:27:18'),
(412, NULL, '141510006', '9992754906', 'ANGGUN NUR MAULIDYA', ' ', 'P', 'Bekasi', '1999-08-16', 'Islam', 'Boin Hermawan', 'Siliwangi Raya', 'Sepanjang Jaya', '', '2020-06-18 06:27:18', '2020-06-18 06:27:18'),
(413, NULL, '141510007', '9992755047', 'ANNISA YUSRAINI', ' ', 'P', 'Bekasi', '1999-12-25', 'Islam', 'Irwansyah', 'Jambrud 5', 'Pekayon Jaya', '', '2020-06-18 06:27:18', '2020-06-18 06:27:18'),
(414, NULL, '131410003', '9981605610', 'ARDIAN', ' ', 'L', 'Bekasi', '1998-01-28', 'Islam', 'Sito', 'Kel. Sepanjang jaya', 'Sepanjang jaya', '', '2020-06-18 06:27:18', '2020-06-18 06:27:18'),
(415, NULL, '181910003', '0031794527', 'AREZA DWI SUHIRMAN', ' ', 'L', 'Kebumen', '2003-07-28', 'Islam', 'Suhir', 'Kp Rawa Roko RT06/01 Kel.Bojong rawalumbu kec rawalumbu', 'Bojong Rawalumbu', '', '2020-06-18 06:28:45', '2020-06-18 06:28:45'),
(416, NULL, '181910004', '0031990598', 'ARYA IKBAL FIRMANSYAH', ' ', 'L', 'Bekasi', '2003-08-10', 'Islam', 'Imam Ardi Siswoyo', 'Jl Seto pati Rt 04/04 Kel Bojong menteng kec Rawalumbu', 'Bojong Menteng', '', '2020-06-18 06:28:45', '2020-06-18 06:28:45'),
(417, NULL, '141510008', '9998697959', 'ASHRAF FADHILLAH', ' ', 'L', 'Bekasi', '1999-07-01', 'Islam', 'Sahroni', 'Setiakawan', 'Sepanjang Jaya', '', '2020-06-18 06:28:45', '2020-06-18 06:28:45'),
(418, NULL, '181910005', '0031793972', 'AULIA SAFITRI', ' ', 'P', 'Bekasi', '2003-06-10', 'Islam', 'Wawan Sudarjo', 'Kp rawa panjang Rt 05/04 kel sepanjang jaya Kec Rawa lumbu', 'Sepanjang Jaya', '', '2020-06-18 06:28:45', '2020-06-18 06:28:45'),
(419, NULL, '171810020', '0016576317', 'AYI JUHRIANI', ' ', 'P', 'Bekasi', '2001-10-19', 'Islam', 'Muhammad Indani', 'Dalang Rt. 09/01 Rawaroko Bojong Rawalumbu', 'Bojong Rawalumbu', '', '2020-06-18 06:28:45', '2020-06-18 06:28:45'),
(420, NULL, '131410004', '9982024443', 'AYU TYAS NINGRUM', ' ', 'P', 'Demak', '1998-12-26', 'Islam', 'Sugiyanto', 'Kp.Rawa Panjang', 'Sepanjang Jaya', '', '2020-06-18 06:28:45', '2020-06-18 06:28:45'),
(421, NULL, '181910006', '0031991087', 'AZIZAH RAHMAWATI', ' ', 'P', 'Bekasi', '2003-10-06', 'Islam', 'Ronazman', 'Jl Raya Narogong Rt03/05 Kel bojong rawalumbu N0 36 A', 'Bojong Rawalumbu', '', '2020-06-18 06:30:30', '2020-06-18 06:30:30'),
(422, NULL, '171810003', '0024238496', 'AZZAHRA NURHIDAYAH', ' ', 'P', 'Bekasi', '2002-08-14', 'Islam', 'Eko Purwanto', 'Rawa Indah Rt. 08/09 Margahayu Bekasi Timur', 'Margahayu', '', '2020-06-18 06:30:30', '2020-06-18 06:30:30'),
(423, NULL, '181910007', '0031838354', 'BAGAS ADIDTYA', ' ', 'L', 'Bekasi', '2003-09-08', 'Islam', 'Sinta Atmaja', 'Bojong Menteng Rt 06/002', 'Bojong Menteng', '', '2020-06-18 06:30:30', '2020-06-18 06:30:30'),
(424, NULL, '151610005', '9992755055', 'BAGAS SANTIAS', ' ', 'L', 'Bekasi', '1999-09-08', 'Islam', 'Sanin', 'Bojong rawalumbu', 'Bojong rawalumbu', '', '2020-06-18 06:30:30', '2020-06-18 06:30:30'),
(425, NULL, '151610006', '0009620025', 'BERLIANA PUTERI CLARA', ' ', 'P', 'Bekasi', '2000-06-21', 'Islam', 'Doni Yuswono', 'Antara Raya No. 38', 'Harapan Jaya', '', '2020-06-18 06:30:30', '2020-06-18 06:30:30'),
(426, NULL, '151610007', '0002086239', 'BUNGA NIRWANA', ' ', 'P', 'Bekasi', '2000-10-02', 'Islam', 'Suyono', 'Kp Rawa Panjang', 'Sepanjang Jaya', '', '2020-06-18 06:30:30', '2020-06-18 06:30:30'),
(427, NULL, '181910008', '0034249319', 'CINDY AMELIA', ' ', 'P', 'Bekasi', '2003-10-02', 'Islam', 'Abdul Rohman', 'Badeng Sa\'I RT012/004', 'Pekayon Jaya', '', '2020-06-18 06:30:30', '2020-06-18 06:30:30'),
(428, NULL, '181910009', '0033568928', 'CORY ANASYA', ' ', 'P', 'Bekasi', '2003-12-26', 'Islam', 'Risan', 'Kp Poncol Indah Jln Derih Rt 04/02', 'Bojong Rawalumbu', '', '2020-06-18 06:30:30', '2020-06-18 06:30:30'),
(429, NULL, '151610008', '0002142017', 'DANIEL FIRDAUS', ' ', 'L', 'Bekasi', '2000-01-27', 'Islam', 'Sarman', 'Kp Rawa Panjang', 'Sepanjang Jaya', '', '2020-06-18 06:30:30', '2020-06-18 06:30:30'),
(430, NULL, '131410005', '9982737410', 'DANIEL TRISTANTO', ' ', 'L', 'Bekasi', '1998-11-10', 'Kristen', 'Mardjoko', 'Jl.Makrik No.13', 'Bojong Rawalumbu', '', '2020-06-18 06:30:30', '2020-06-18 06:30:30'),
(431, NULL, '141510010', '9996073849', 'DANU NUGROHO PAMUNGKAS', ' ', 'L', 'JAKARTA', '1999-02-08', 'Islam', 'Suyanto', 'Komplek Sapta Taruna', 'Bojong Rawalumbu', '', '2020-06-18 06:30:30', '2020-06-18 06:30:30'),
(432, NULL, '171810004', '0022850425', 'DEDE YUDHISTIRA', ' ', 'L', 'Jakarta', '2001-04-20', 'Islam', 'Upen Sumpena', 'Mesjid No. 45 Rt. 09/ 01 Rawaroko', 'Bojong Rawalumbu', '', '2020-06-18 06:30:30', '2020-06-18 06:30:30'),
(433, NULL, '171810005', '0018800454', 'DEWI ASTUTI', ' ', 'P', 'Bekasi', '2001-01-03', 'Islam', 'Muhammad Imam Firdaus', 'Rawa Panjang Rt. 03/05 Rawaroko Rawalumbu', 'Sepanjang Jaya', '', '2020-06-18 06:30:30', '2020-06-18 06:30:30'),
(434, NULL, '161710002', '0011329882', 'DIANA NUR KHOPIPAH', ' ', 'P', 'Bekasi', '2001-08-12', 'Islam', 'TARMA SUPYANTO', 'Makrik', 'Bojong Rawalumbu', '', '2020-06-18 06:30:30', '2020-06-18 06:30:30'),
(435, NULL, '141510011', '9992543338', 'DILLA NURFADILAH', ' ', 'P', 'Sumedang', '1999-11-30', 'Islam', 'Rohadi', 'Rawapanjang', 'Sepanjang Jaya', '', '2020-06-18 06:31:56', '2020-06-18 06:31:56'),
(436, NULL, '151610009', '0007920141', 'DINAYANTI RUTH ABIGAIL SILITONGA', ' ', 'P', 'Bekasi', '2000-03-21', 'Kristen', 'Vender Silitonga', 'Bojong Menteng', 'Bojong Menteng', '', '2020-06-18 06:31:56', '2020-06-18 06:31:56'),
(437, NULL, '131410007', '9981605616', 'DINI MARYANI P', ' ', 'P', 'Bekasi', '1998-03-28', 'Islam', 'Pandi', 'Jl.Kemang IX No.34', 'Bojong Rawalumbu', '', '2020-06-18 06:31:56', '2020-06-18 06:31:56'),
(438, NULL, '131410008', '9985446381', 'DWI ARYANTO PUTRA', ' ', 'L', 'Bekasi', '1998-06-03', 'Islam', 'Kiswanto', 'Jl.Siaga', 'Bojong Rawalumbu', '', '2020-06-18 06:31:56', '2020-06-18 06:31:56'),
(439, NULL, '192010004', '002266966', 'DWI MURYANINGSIH', ' ', 'P', 'Bekasi', '2003-12-05', 'Islam', 'Sandi', 'Kp.Rawa Panjang Rt 03/05 Kec.Rawa Lumbu', 'Sepanjang Jaya', '', '2020-06-18 06:31:56', '2020-06-18 06:31:56'),
(440, NULL, '141510012', '9993427566', 'DWI RIANA PURNAMASARI', ' ', 'P', 'Bekasi', '1999-07-26', 'Islam', 'Mujirin', 'Rawaroko', 'Bojong Rawalumbu', '', '2020-06-18 06:31:56', '2020-06-18 06:31:56'),
(441, NULL, '151610012', '0002085989', 'DWI YUNI ASTUTI', ' ', 'P', 'Bekasi', '2000-06-22', 'Islam', 'Wiyanto', 'Bojong Menteng', 'Bojong Menteng', '', '2020-06-18 06:31:56', '2020-06-18 06:31:56'),
(442, NULL, '141510013', '9992388399', 'DYAH RAHMAWATI', ' ', 'P', 'Bekasi', '1999-10-25', 'Islam', 'Rosidin', 'Bengkong', 'Pedurenan', '', '2020-06-18 06:31:56', '2020-06-18 06:31:56'),
(443, NULL, '151610014', '0002085713', 'EKA APRILIANI', ' ', 'P', 'Bekasi', '2000-04-26', 'Islam', 'Sutikno B Sujito', 'Rawa Roko', 'Bojong Rawalumbu', '', '2020-06-18 06:31:56', '2020-06-18 06:31:56'),
(445, NULL, '161710003', '0002909311', 'ELISABETH AGATHA SILALAHI', ' ', 'P', 'JAKARTA', '2000-08-12', 'Kristen', 'GUNTUR MARULITUA SILALAHI', 'Batu Giok V', 'Bojong Rawalumbu', '', '2020-06-18 06:31:56', '2020-06-18 06:31:56'),
(446, NULL, '151610016', '0004656119', 'ELY EZER FRANSISCUS', ' ', 'L', 'Bekasi', '2000-10-30', 'Kristen', 'Maniur Nainggolan', 'Jl Lumbu Timur Terusan No 123', 'Bojong Rawalumbu', '', '2020-06-18 06:31:56', '2020-06-18 06:31:56'),
(447, NULL, '161710004', '0003444330', 'ERNA DEWI YULIYANTI', ' ', 'P', 'Sragen', '2000-07-02', 'Islam', 'SURANTO', 'Makrik', 'Bojong Rawalumbu', '', '2020-06-18 06:31:56', '2020-06-18 06:31:56'),
(448, NULL, '171810006', '0023657131', 'ERWIN GARCIA SITOHANG', ' ', 'L', 'Bekasi', '2002-01-18', 'Islam', 'Sahat Sitohang', 'Perum Bojong Menteng Blok B No. 219', 'Bojong Menteng', '', '2020-06-18 06:31:56', '2020-06-18 06:31:56'),
(449, NULL, '161710005', '0016025094', 'EVIE RIZKI MAYLANI', ' ', 'P', 'JAKARTA', '2001-05-12', 'Islam', 'JENUDIN', 'Setia', 'Sepanjang Jaya', '', '2020-06-18 06:31:56', '2020-06-18 06:31:56'),
(450, NULL, '141510015', '0005784452', 'FADILAH NUR AULIA', ' ', 'P', 'Surakarta', '2000-02-08', 'Islam', 'Fatkhuri Rohmat', 'Rawapanjang', 'Sepanjang Jaya', '', '2020-06-18 06:31:56', '2020-06-18 06:31:56'),
(451, NULL, '171810007', '0018451429', 'FAJAR NUR RAMADHAN', ' ', 'L', 'Bekasi', '2001-11-25', 'Islam', 'Giyanto', 'Bojong Menteng Rt. 07/04 Bojong Rawalumbu', 'Bojong Menteng', '', '2020-06-18 06:31:56', '2020-06-18 06:31:56'),
(452, NULL, '131410009', '9989867996', 'FANI NURHASANAH', ' ', 'P', 'Bandar Lampung', '1998-12-04', 'Islam', 'Budi HAndoyo', 'Jl.Makrik RT.004 RW.004', 'Bojong Rawalumbu', '', '2020-06-18 06:31:56', '2020-06-18 06:31:56'),
(453, NULL, '161710006', '0001177798', 'FATHA ARRIZQI', ' ', 'P', 'Bekasi', '2000-11-26', 'Islam', 'HARSONO', 'Bahagia Raya  No 578', 'Mustikajaya', '', '2020-06-18 06:31:56', '2020-06-18 06:31:56'),
(454, NULL, '161710007', '0010269669', 'FATHIAH YASMIN', ' ', 'P', 'JAKARTA', '2001-11-24', 'Islam', 'SITI NURJANAH', 'JL. KRAMAT SAWAH', 'Paseban', '', '2020-06-18 06:31:56', '2020-06-18 06:31:56'),
(455, NULL, '181910010', '0025415282', 'FAWAZ MUBAROQ', ' ', 'L', 'Bekasi', '2002-02-11', 'Islam', 'Ibrohim', 'Jl AC Lengkeng Bojong Menteng Rt006/002 ', 'Bojong Menteng', '', '2020-06-18 06:31:56', '2020-06-18 06:31:56'),
(456, NULL, '192010005', '0042918290', 'FEBRIYANI SIREGAR', ' ', 'P', 'Bekasi', '2004-02-22', 'Kristen', 'Rogari Siregar', 'Jl.kecubung 1/11 RT 02/038 Kel.Bojong Rawa Lumbu', 'Bojong Rawalumbu', '', '2020-06-18 06:33:13', '2020-06-18 06:33:13'),
(457, NULL, '171810008', '0033886417', 'FERNANDO HOSE', ' ', 'L', 'Tangerang', '2002-02-17', 'Islam', 'Jongiat', 'Melati 5 Blok N No. 17  Rt. 04/36 Bojong Rawalumbu', 'Bojong Rawalumbu', '', '2020-06-18 06:33:13', '2020-06-18 06:33:13'),
(458, NULL, '141510016', '9989633314', 'FIKRI ROMDONI', ' ', 'L', 'Karawang', '1998-12-25', 'Islam', 'Marlon Tobing', 'Koperpu III Margahayu', 'Margahayu', '', '2020-06-18 06:33:13', '2020-06-18 06:33:13'),
(459, NULL, '141510017', '9992770752', 'FIOLA GRISELDA', ' ', 'P', 'Bekasi', '1999-04-12', 'Kristen', 'Henri Prawira', 'Kalong Rawaroko', 'Bojong Rawalumbu', '', '2020-06-18 06:33:13', '2020-06-18 06:33:13'),
(460, NULL, '151610017', '0002142171', 'FIRDIA NILA WATI', ' ', 'P', 'BEKASI', '2000-06-14', 'Islam', 'Nilan', 'Jl Madona Bojong Menteng', 'Bojong Menteng', '', '2020-06-18 06:33:13', '2020-06-18 06:33:13'),
(461, NULL, '151610018', '9982397701', 'FIRMAN MAULANA', ' ', 'L', 'BEKASI', '1998-03-01', 'Islam', 'Kamiludin', 'Gg. Sultan Hasanudin No. 139', 'Bojong Rawalumbu', '', '2020-06-18 06:33:13', '2020-06-18 06:33:13'),
(462, NULL, '141510018', '9993488946', 'FIRQIS TJANDRA SHASHI', ' ', 'P', 'Bekasi', '1999-09-15', 'Islam', 'SUBIYANTO', 'Makrik', 'Bojong Rawalumbu', '', '2020-06-18 06:33:13', '2020-06-18 06:33:13'),
(463, NULL, '171810009', '0029834652', 'FITRI AYU MEIWATI LESMANA', ' ', 'P', 'Bekasi', '2002-05-05', 'Islam', 'Indra Lesmana', 'Bojong Rawalumbu Rt. 01 /04 Bojong Rawalumbu', 'Bojong Rawalumbu', '', '2020-06-18 06:33:13', '2020-06-18 06:33:13'),
(464, NULL, '192010006', '0044478089', 'FRESTI EGI RAHAYU', ' ', 'P', 'Cilacap', '2004-08-20', 'Islam', 'Rokangat', 'Jl.Dalang Rt 09/Rw 01 No.40', 'Bojong Rawalumbu', '', '2020-06-18 06:33:13', '2020-06-18 06:33:13'),
(465, NULL, '181910011', '0036534127', 'GABRIEL SURYA PRAMONO', ' ', 'L', 'Bekasi', '2003-10-25', 'Kristen', 'Agus Suryadi', 'Perum Bojong Menteng Indah Blok m No 5 Rt 05/005', 'Bojong Menteng', '', '2020-06-18 06:33:13', '2020-06-18 06:33:13'),
(466, NULL, '181910012', '0025394622', 'GALIH ANGGORO', ' ', 'L', 'Bekasi', '2002-06-18', 'Islam', 'Budi Setiyono', 'Jl Adniyaksa Rt 01/02 No 36', 'Bojong Rawalumbu', '', '2020-06-18 06:33:13', '2020-06-18 06:33:13'),
(467, NULL, '171810010', '0023378029', 'GILANG RAMADHAN', ' ', 'L', 'Bekasi', '2002-12-05', 'Islam', 'Taufik Hidayat', 'Gg. H. Ajid  Rt. 07/04 Bojong Rawalumbu', 'Bojong Rawalumbu', '', '2020-06-18 06:33:13', '2020-06-18 06:33:13'),
(468, NULL, '161710008', '9998918718', 'GINA MAULIDINA', ' ', 'P', 'Tasikmalaya', '1999-06-28', 'Islam', 'Deden Watian', 'Makrik', 'Bojong Rawalumbu', '', '2020-06-18 06:33:13', '2020-06-18 06:33:13'),
(469, NULL, '192010007', '0047134049', 'GISKA SEPTI MANDASARI', ' ', 'P', 'Bekasi', '2004-09-14', 'Islam', 'M.Yakub', 'Gg.Tengki kp.Rawapanjang No.66 Rt 03/05 Sepanjang Jaya', 'Sepanjang Jaya', '', '2020-06-18 06:33:13', '2020-06-18 06:33:13'),
(470, NULL, '151710017', '0009265473', 'HADI WIJAYA', ' ', 'L', 'Bekasi', '2000-04-21', 'Islam', 'Nadih Sugandi', 'Bekasi Tengah', 'Margahayu', '', '2020-06-18 06:33:13', '2020-06-18 06:33:13'),
(471, NULL, '141510019', '9992759413', 'HARIN NUR JAGAD', ' ', 'L', 'Bekasi', '1999-06-24', 'Islam', 'Sunarno', 'Markan', 'Bojong Rawalumbu', '', '2020-06-18 06:33:13', '2020-06-18 06:33:13'),
(472, NULL, '181910013', '0033127852', 'HATIM', ' ', 'L', 'Bekasi', '2003-01-26', 'Islam', 'Mohammad  ', 'JL Dahlia Raya H 34', 'Bojong Rawalumbu', '', '2020-06-18 06:33:13', '2020-06-18 06:33:13'),
(473, NULL, '181910014', '0018451704', 'HAZHIM', ' ', 'L', 'Bekasi', '2001-04-08', 'Islam', 'Mohammad', 'JL Dahlia Raya H 34', 'Bojong Rawalumbu', '', '2020-06-18 06:33:13', '2020-06-18 06:33:13'),
(474, NULL, '131410010', '9992543149', 'HERI KISWORO', ' ', 'L', 'Wonogiri', '1999-01-13', 'Islam', 'Slamet Haryono', 'Bojong Menteng Jl.Srikaya RT.01/03', 'Bojong Menteng', '', '2020-06-18 06:33:13', '2020-06-18 06:33:13'),
(475, NULL, '151610020', '0001934766', 'HERLINDA ANDRIANI', ' ', 'P', 'BEKASI', '2000-01-13', 'Islam', 'Jumarsyah', 'Bojong Menteng No 68', 'Bojong Menteng', '', '2020-06-18 06:33:13', '2020-06-18 06:33:13'),
(476, NULL, '192010008', '0042918037', 'IBNU UBAYDILAH', ' ', 'L', 'Bekasi', '2004-02-08', 'Islam', 'Cecep', 'Bekasi Rawa Panjang Rt 03 Rw 05 Kec.Rawa Lumbu', 'Sepanjang Jaya', '', '2020-06-18 06:33:13', '2020-06-18 06:33:13'),
(477, NULL, '192010009', '0047488490', 'ILHAM SETYAWAN', ' ', 'L', 'Bekasi', '2004-11-02', 'Islam', 'Suyono', 'Kp.Rawa Panjang Rt 003/04 Kel.Sepanjang Jaya', 'Sepanjang Jaya', '', '2020-06-18 06:34:29', '2020-06-18 06:34:29'),
(478, NULL, '151610021', '9994724083', 'INDRA SETIADI MULYA', ' ', 'L', 'SUKABUMI', '1999-10-24', 'Islam', 'Nanung Mulyana', 'Jl Pelabuan II Gg sadar', 'Jatimurni', '', '2020-06-18 06:34:29', '2020-06-18 06:34:29'),
(479, NULL, '141510020', '9984027317', 'INDRIAMI NURHASANAH', ' ', 'P', 'Bekasi', '1998-01-13', 'Islam', 'Ade Suherlan', 'Dalang', 'Bojong Rawalumbu', '', '2020-06-18 06:34:29', '2020-06-18 06:34:29'),
(480, NULL, '141510021', '9992782758', 'INTAN LUDIARNI', ' ', 'P', 'Sragen', '1999-08-28', 'Islam', 'Afrudin', 'Rawapanjang', 'Sepanjang Jaya', '', '2020-06-18 06:34:29', '2020-06-18 06:34:29'),
(481, NULL, '151610022', '9992759421', 'IZHAR IBRAHIM ZAKY HARAHAP', ' ', 'L', 'BEKASI', '1999-11-08', 'Islam', 'Abdul Kodir Harahap', 'Lumbu Tengah I E No. 105', 'Bojong Rawalumbu', '', '2020-06-18 06:34:29', '2020-06-18 06:34:29'),
(482, NULL, '151610023', '9996328981', 'JOHANES ANDI LAWRENCE HUTAHEAN', ' ', 'L', 'JAKARTA', '1999-09-28', 'Kristen', 'Antony Hutahaean SH', 'Bojong Menteng', 'Bojong Menteng', '', '2020-06-18 06:34:29', '2020-06-18 06:34:29'),
(483, NULL, '151610024', '0005326560', 'JUFRI NALDI ANWAR', ' ', 'L', 'BEKASI', '2000-06-07', 'Islam', 'Salbahri', 'Kp Rawa Panjang', 'Sepanjang Jaya', '', '2020-06-18 06:34:29', '2020-06-18 06:34:29'),
(484, NULL, '192010010', '0042918251', 'JUNITA TIANA TERTIA', ' ', 'P', 'Bekasi', '2004-06-18', 'Islam', 'Hendra Os', 'Jl.Makrik GG H.Ajid Rt 007/004 Kel.Bojong Rawa Lumbu', 'Bojong Rawalumbu', '', '2020-06-18 06:34:29', '2020-06-18 06:34:29'),
(485, NULL, '161710009', '0002602267', 'KHOIRUNNISA', ' ', 'P', 'Cirebon', '2000-09-10', 'Islam', 'MAHFUD', 'Rawa roko', 'Bojong Rawalumbu', '', '2020-06-18 06:34:29', '2020-06-18 06:34:29'),
(486, NULL, '151610025', '9997348795', 'KRISTIN', ' ', 'P', 'BEKASI', '1999-06-29', 'Islam', 'Suhairi Sutanto', 'Bojong Menteng', 'Bojong Menteng', '', '2020-06-18 06:34:29', '2020-06-18 06:34:29'),
(487, NULL, '151610024', '9982032092', 'LARAS', ' ', 'P', 'BEKASI', '1998-10-25', 'Islam', 'Muhammad Ambari', 'Rawa Roko No.26', 'Bojong Rawalumbu', '', '2020-06-18 06:34:29', '2020-06-18 06:34:29'),
(488, NULL, '171810011', '0025378009', 'LIA PUSPITA SARI', ' ', 'P', 'Bekasi', '2002-05-19', 'Islam', 'Jumadi', 'Bojong Rawalumbu Rt. 07 /04 Bojong Rawalumbu', 'Bojong Rawalumbu', '', '2020-06-18 06:34:29', '2020-06-18 06:34:29'),
(489, NULL, '171810012', '0002906850', 'LIDIA LILIYANA RIZKI ANDIYANI', ' ', 'P', 'Bekasi', '2000-10-09', 'Islam', 'Wardi', 'Bojong Rawalumbu Rt. 07 /04 Bojong Rawalumbu', 'Bojong Rawalumbu', '', '2020-06-18 06:34:29', '2020-06-18 06:34:29'),
(490, NULL, '151610027', '0003508346', 'LIONALD PARK WIJAYA', ' ', 'L', 'Tangerang', '2000-06-25', 'Hindu', 'Nuryanti Wijaya', 'Taman Cibodas Blok F 8 No 7', 'Bojong Rawalumbu', '', '2020-06-18 06:34:29', '2020-06-18 06:34:29'),
(491, NULL, '181910016', '0027650243', 'LISTIAN HUSNA ALIA', ' ', 'P', 'Tasikmalaya', '2002-09-04', 'Islam', 'Memet Slamet', 'Kp Jatimulya  Rt002/006 Ds Jati mulya Tambun Selatan', 'Jatimulya', '', '2020-06-18 06:34:29', '2020-06-18 06:34:29'),
(492, NULL, '181910017', '0031811956', 'LITA AFTANIA PUTRI', ' ', 'P', 'Bekasi', '2003-04-14', 'Islam', 'Rukamto', 'Kp Markan Rt 002/041', 'Bojong Rawalumbu', '', '2020-06-18 06:34:29', '2020-06-18 06:34:29'),
(493, NULL, '171810013', '0024506718', 'LUKIYANTO', ' ', 'L', 'Bekasi', '2002-04-29', 'Islam', 'Ahmad', 'Bojong Rawalumbu Rt. 07 /04 Bojong Rawalumbu', 'Bojong Rawalumbu', '', '2020-06-18 06:34:29', '2020-06-18 06:34:29'),
(494, NULL, '141510022', '9992759675', 'LUSIANA WATI', ' ', 'P', 'Bogor', '1999-05-13', 'Islam', 'AHMAD SAIFUL', 'Makrik', 'Bojong Rawalumbu', '', '2020-06-18 06:34:29', '2020-06-18 06:34:29'),
(495, NULL, '192010011', '0043670714', 'LUTHFI ARDAN WAGIYO', ' ', 'L', 'Bekasi', '2004-04-20', 'Islam', 'Arif Wagiyo', 'Bojong Menteng Rt/004 Rw/002 Bojong Menteng', 'Bojong Menteng', '', '2020-06-18 06:34:29', '2020-06-18 06:34:29'),
(496, NULL, '141510023', '9994947196', 'M. DWI ARYA', ' ', 'L', 'Jakarta', '1999-10-20', 'Islam', 'Pardi Zaenuddin', 'Pungut', 'Bojong Rawalumbu', '', '2020-06-18 06:34:29', '2020-06-18 06:34:29'),
(497, NULL, '141510024', '9992759324', 'M. FARID', ' ', 'L', 'Bekasi', '1999-02-27', 'Islam', 'Abdul Madjid', 'Raya Narogong', 'Sepanjang Jaya', '', '2020-06-18 06:34:29', '2020-06-18 06:34:29'),
(498, NULL, '141510025', '9998205936', 'M. FIRMANSYAH', ' ', 'L', 'Jakarta', '1999-08-03', 'Islam', 'Kamaludin', 'Rawaroko', 'Bojong Rawalumbu', '', '2020-06-18 06:34:29', '2020-06-18 06:34:29'),
(499, NULL, '151610026', '0000434931', 'MAHKOMA MAHMUDA', ' ', 'L', 'JAKARTA', '2000-01-10', 'Islam', 'HERIAH', 'Barokah', 'Bojong Menteng', '', '2020-06-18 06:34:29', '2020-06-18 06:34:29'),
(500, NULL, '192010012', '0011384641', 'MALIK ARDIANSYAH', ' ', 'L', 'Bekasi', '2001-10-19', 'Islam', 'Djumiati', 'Kp.Babakan Jl. Lamun Rt 002/003 Kel.Mustikasari', 'Mustikasari', '', '2020-06-18 06:34:29', '2020-06-18 06:34:29'),
(501, NULL, '141510026', '9962879165', 'MARIA UCI', ' ', 'P', 'Jakarta', '1996-11-16', 'Kristen', 'Marini Bartar', 'Griya Makrik', 'Bojong Rawalumbu', '', '2020-06-18 06:35:55', '2020-06-18 06:35:55'),
(502, NULL, '131410011', '9982068947', 'MEIDYCITA RACHMAN', ' ', 'P', 'Bekasi', '1998-05-01', 'Islam', 'A. Rohman', 'Kp.Rawa Panjang No.88', 'Sepanjang Jaya', '', '2020-06-18 06:35:55', '2020-06-18 06:35:55'),
(503, NULL, '171810014', '0025377999', 'MELATI MIFTAKUL JANNAH', ' ', 'P', 'Bekasi', '2002-02-27', 'Islam', 'Herman Susanto', 'Gg. H. Ajid  Rt. 07/04 Bojong Rawalumbu', 'Bojong Rawalumbu', '', '2020-06-18 06:35:55', '2020-06-18 06:35:55'),
(504, NULL, '131410012', '9969468277', 'MELAWATI', ' ', 'P', 'Bekasi', '1996-11-05', 'Islam', 'Didin Saepudin', 'Kp.Rawa Roko RT.04/05', 'Bojong Rawalumbu', '', '2020-06-18 06:35:55', '2020-06-18 06:35:55'),
(505, NULL, '141510027', '9982733157', 'MELIYANTI', ' ', 'P', 'Kuningan', '2000-04-14', 'Islam', 'RASTAM', 'Kalong', 'Bojong Rawalumbu', '', '2020-06-18 06:35:55', '2020-06-18 06:35:55'),
(506, NULL, '141510028', '9992770768', 'MICHO SYAFITRIO', ' ', 'L', 'Sragen', '2000-01-11', 'Islam', 'Eko Budiraharja', 'Markan', 'Bojong Rawalumbu', '', '2020-06-18 06:35:55', '2020-06-18 06:35:55'),
(507, NULL, '151610030', '0001934614', 'MILA TITANIA MATONDANG', ' ', 'P', 'BEKASI', '2000-03-09', 'Kristen', 'Januar Matondang', 'Jl Biduri Bulan V Blok 7 No 42', 'Bojong Rawalumbu', '', '2020-06-18 06:35:55', '2020-06-18 06:35:55'),
(508, NULL, '141510029', '9982710617', 'MOEHAMMAD FARHAN WAYA', ' ', 'L', 'JAKARTA', '1998-10-01', 'Islam', 'waras Margono', 'Rawaroko', 'Bojong Rawalumbu', '', '2020-06-18 06:35:55', '2020-06-18 06:35:55'),
(509, NULL, '181910019', '0089476565', 'MOHAMAD AGUNG MUSTOFA', ' ', 'L', 'Semarang ', '2003-10-24', 'Islam', 'Karsono', 'Jl. Narogong permai No. 9 Blok F 16 No. 08 Rt. 08 Rw. 07', 'Pengasinan', '', '2020-06-18 06:35:55', '2020-06-18 06:35:55'),
(510, NULL, '161710010', '9993863931', 'MOHAMMAD MULYADI', ' ', 'L', 'JAKARTA', '1999-06-10', 'Islam', 'YUDHISOEDARMADI', 'Babakan', 'Mustikasari', '', '2020-06-18 06:35:55', '2020-06-18 06:35:55'),
(511, NULL, '151610031', '9992759231', 'MONA VERA NAINGGOLAN', ' ', 'P', 'JAKARTA', '1999-11-08', 'Kristen', 'Jekson Nainggolan', 'Jl Selecta 3 Blok VI No 134', 'Pengasinan', '', '2020-06-18 06:35:55', '2020-06-18 06:35:55'),
(512, NULL, '171810015', '0025395832', 'MUHAMAD ABDUL GANI', ' ', 'L', 'Bekasi', '2002-01-31', 'Islam', 'Nemat', 'Kp. Rawa Roko Rt. 7/4 Bojong Rawalumbu', 'Bojong Rawalumbu', '', '2020-06-18 06:35:55', '2020-06-18 06:35:55'),
(513, NULL, '171810016', '0025378010', 'MUHAMAD HILAL', ' ', 'L', 'Bekasi', '2002-05-28', 'Islam', 'Istihori', 'Bojong Menteng Rt. 07/04 Bojong Rawalumbu', 'Bojong Menteng', '', '2020-06-18 06:35:55', '2020-06-18 06:35:55'),
(514, NULL, '192010014', '0042918154', 'MUHAMAD JAFAR', ' ', 'L', 'Bekasi', '2004-02-11', 'Islam', 'Johana', 'Kp.Rawa Panjang Rt 01/04 No 83 Kel.Sepanjang Jaya', 'Sepanjang Jaya', '', '2020-06-18 06:35:55', '2020-06-18 06:35:55'),
(515, NULL, '181910018', '0038467889', 'MUHAMMAD AFIF RIFAI', ' ', 'L', 'Bekasi', '2003-05-09', 'Islam', 'Muhammad Nur', 'Bojong rawalumbu Rt007/003 ', 'Bojong Rawalumbu', '', '2020-06-18 06:35:55', '2020-06-18 06:35:55'),
(516, NULL, '131410013', '9982940383', 'MUHAMMAD ARIF FITHONI', ' ', 'L', 'Bekasi', '1998-05-16', 'Islam', 'Solikin', 'babakan', 'Mustikasari', '', '2020-06-18 06:35:55', '2020-06-18 06:35:55'),
(517, NULL, '161710006', '0017807691', 'MUHAMMAD DAFFA AL FIKRI', ' ', 'L', 'Pekanbaru', '2001-04-14', 'Islam', 'Thaufik Dwi Bayu', 'Jl. Mulya Jaya 3 Blok B9 Rawamulya', 'Mustikajaya', '', '2020-06-18 06:35:55', '2020-06-18 06:35:55'),
(518, NULL, '141510023', '9994947196', 'MUHAMMAD DWI ARYA', ' ', 'L', 'JAKARTA', '1999-10-20', 'Islam', 'Pardi Zaenuddin', 'Pungut', 'Bojong Rawalumbu', '', '2020-06-18 06:35:55', '2020-06-18 06:35:55'),
(519, NULL, '141510024', '9992759324', 'MUHAMMAD FARID', ' ', 'L', 'Bekasi', '1999-02-27', 'Islam', 'Abdul Madjid', 'Raya Narogong', 'Sepanjang Jaya', '', '2020-06-18 06:35:55', '2020-06-18 06:35:55'),
(520, NULL, '181910020', '038137952', 'MUHAMMAD FATIH FARHAT', ' ', 'L', 'Jakarta', '2003-03-02', 'Islam', 'Sartono', 'Perum Griya Mustikasari blok c9 no 6 Mustika sari mustika jaya', 'Mustikasari', '', '2020-06-18 06:35:55', '2020-06-18 06:35:55'),
(521, NULL, '161710011', '9998384713', 'MUHAMMAD FIRMAN RAMADHAN', ' ', 'L', 'Surabaya', '1999-12-12', 'Islam', 'SUPRIYADI', 'Makrik', 'Bojong Rawalumbu', '', '2020-06-18 06:35:55', '2020-06-18 06:35:55'),
(522, NULL, '141510025', '9998205936', 'MUHAMMAD FIRMANSYAH', ' ', 'L', 'Jakarta', '1999-08-03', 'Islam', 'Kamaludin', 'Rawaroko', 'Bojong Rawalumbu', '', '2020-06-18 06:35:55', '2020-06-18 06:35:55'),
(523, NULL, '151610032', '9997004595', 'MUHAMMAD HADZIQ ALFAHMI', ' ', 'L', 'BEKASI', '1999-01-10', 'Islam', 'Sunarno', 'Gg. H. Latif V No. 28  Ciketing', 'Mustikajaya', '', '2020-06-18 06:35:55', '2020-06-18 06:35:55'),
(524, NULL, '192010014', '0042918154', 'MUHAMMAD JAFAR', ' ', 'L', 'Bekasi', '2004-02-11', 'Islam', 'Johana', 'Kp.Rawa Panjang Rt 01/04 No 83 Kel.Sepanjang Jaya', 'Sepanjang Jaya', '', '2020-06-18 06:35:55', '2020-06-18 06:35:55'),
(525, NULL, '181910021', '0032453579', 'MUHAMMAD RAFLY AULDRIANSYAH HASNI', ' ', 'L', 'Bekasi', '2003-01-07', 'Islam', 'Syaikhul Ulum', 'JL Asmaradhana F 51 no 7 Taman Naroggong Indah', 'Pengasinan', '', '2020-06-18 06:37:17', '2020-06-18 06:37:17'),
(526, NULL, '192010013', '0043033617', 'MUHAMMAD RIZKY SULISTIO', ' ', 'L', 'Batam', '2004-03-25', 'Islam', 'Budi Sulistio', 'Kav. Kinayungan Rt 003 Rw 009 ', 'Bojong Rawalumbu', '', '2020-06-18 06:37:17', '2020-06-18 06:37:17'),
(527, NULL, '151610033', '0002292062', 'MUHAMMAD ROHIM', ' ', 'L', 'Bekasi', '2000-06-06', 'Islam', 'Obing K', 'Jl Letjen Sarbani', 'Bojong Rawalumbu', '', '2020-06-18 06:37:17', '2020-06-18 06:37:17'),
(528, NULL, '161710012', '0014682155', 'MUHAMMAD SURYA', ' ', 'L', 'Bekasi', '2001-05-14', 'Islam', 'BUYUNG', 'Pengasinan Raya', 'Pengasinan', '', '2020-06-18 06:37:17', '2020-06-18 06:37:17'),
(529, NULL, '141510030', '9995803417', 'MUHAMMAD ZAHID IJLAL', ' ', 'L', 'Bekasi', '1999-04-06', 'Islam', 'Ismail', 'Bojong Menteng', 'Bojong Menteng', '', '2020-06-18 06:37:17', '2020-06-18 06:37:17'),
(530, NULL, '181910022', '0031793956', 'MULIYA BUDIARTO', ' ', 'L', 'Bekasi', '2003-07-30', 'Islam', 'Sutoyo', 'JL. Siliwangi gg Mandor Aleh Rt04/04 Kel.Sepanjang Jaya ', 'Sepanjang Jaya ', '', '2020-06-18 06:37:17', '2020-06-18 06:37:17'),
(531, NULL, '151610034', '0004112085', 'MUZAKI ACHMAD', ' ', 'L', 'Bekasi', '2000-06-22', 'Islam', 'Kanim', 'Sukatani Rawaroko No 24', 'Bojong Rawalumbu', '', '2020-06-18 06:37:17', '2020-06-18 06:37:17'),
(532, NULL, '181910023', '3024124159', 'NABILA RAMADANTI', ' ', 'P', 'Bekasi', '2002-11-16', 'Islam', 'Mela Indriawati', 'Ciketing Rawamulya', 'Mustikajaya', '', '2020-06-18 06:37:17', '2020-06-18 06:37:17'),
(533, NULL, '181910024', '0031794518', 'NADYA APRILIA', ' ', 'P', 'Bekasi', '2003-04-13', 'Islam', 'Sarwo', 'Kp Rawa Roko Rt 001/001 No 67 kel Bojong rawalumbu ', 'Bojong Rawalumbu', '', '2020-06-18 06:37:17', '2020-06-18 06:37:17'),
(534, NULL, '151610035', '9989709807', 'NAN MULIA FALATEHAN AL FAWAZ', ' ', 'L', 'Bekasi', '1998-06-04', 'Islam', 'Nana Sutisna', 'Perum Graand Bekasi Blok A2', 'Mustikajaya', '', '2020-06-18 06:37:17', '2020-06-18 06:37:17'),
(535, NULL, '131410014', '9982024396', 'NIA MARYANINGSIH', ' ', 'P', 'Bekasi', '1998-03-25', 'Islam', 'Niin Supriyadi', 'Kp.Rawa Roko', 'Bojong Rawalumbu', '', '2020-06-18 06:37:17', '2020-06-18 06:37:17'),
(536, NULL, '192010015', '0041076114', 'NIDA SEFIRA MARZUKOH', ' ', 'P', 'Semarang ', '2004-08-20', 'Islam', 'Sarif Hidayat', 'Bojong menteng Rt 003/ RW 004', 'Bojong Menteng', '', '2020-06-18 06:37:17', '2020-06-18 06:37:17'),
(537, NULL, '141510031', '9992754171', 'NINA DEWI JULIANI', ' ', 'P', 'Bekasi', '1999-07-06', 'Islam', 'Unha', 'Nusa Indah Blok C.5/18', 'Margahayu', '', '2020-06-18 06:37:17', '2020-06-18 06:37:17'),
(538, NULL, '192010016', '0043670728', 'NOVIA DWI FITRIANI', ' ', 'P', 'Bekasi', '2004-11-21', 'Islam', 'Yuliono', 'Asrama Yonif Mekanis 202', 'Bojong Rawalumbu', '', '2020-06-18 06:37:17', '2020-06-18 06:37:17'),
(539, NULL, '181910026', '0034375545', 'NUR BAITI', ' ', 'P', 'Bekasi', '2003-03-13', 'Islam', 'Kubil', 'rawaroko', 'Bojong Rawalumbu', '', '2020-06-18 06:37:17', '2020-06-18 06:37:17'),
(540, NULL, '141510032', '9992759688', 'NUR CAHYA OKTAVIA SILALAHI', ' ', 'P', 'Bekasi', '1999-10-15', 'Islam', 'Suherman', 'Lumbu Timur', 'Bojong Rawalumbu', '', '2020-06-18 06:37:17', '2020-06-18 06:37:17'),
(541, NULL, '171810017', '0025914033', 'NUR EKA MAULINA', ' ', 'P', 'Bekasi', '2002-06-23', 'Islam', 'Ansori', 'Bojong Rawalumbu Rt. 05/05 Bojong Rawalumbu', 'Bojong Rawalumbu', '', '2020-06-18 06:37:17', '2020-06-18 06:37:17'),
(542, NULL, '131410015', '9983408278', 'NUR FADILAH', ' ', 'P', 'Bekasi', '1998-06-02', 'Islam', 'Madir', 'Jl.Haji Jayun', 'Pengasinan', '', '2020-06-18 06:37:17', '2020-06-18 06:37:17'),
(543, NULL, '9997596202', '9997596202', 'NUR FITRIYANI', ' ', 'P', 'Pemalang', '1999-12-20', 'Islam', 'ABDUL GHOFUR', 'Makrik', 'Bojong Rawalumbu', '', '2020-06-18 06:37:17', '2020-06-18 06:37:17'),
(544, NULL, '192010017', '0042919185', 'NUR MARHAMAH APRILIA', ' ', 'P', 'Bekasi', '2004-04-10', 'Islam', 'Zaenai Arifin', 'Kp.bojong menteng RT 02/RW 01 Situ Rawa Gede', 'Bojong Menteng', '', '2020-06-18 06:37:17', '2020-06-18 06:37:17'),
(545, NULL, '131410016', '9966283294', 'NURUL TRI LAKSONO', ' ', 'L', 'Bekasi', '1996-08-13', 'Islam', 'H. Sulaeman', 'Jl. Makrik', 'Bojong Rawalumbu', '', '2020-06-18 06:37:17', '2020-06-18 06:37:17'),
(546, NULL, '151610036', '0001938688', 'OKY DEWA PRATAMA', ' ', 'L', 'JAKARTA', '2000-01-23', 'Islam', 'Saiman Bakti', 'Lumbu Permai raya Blok I No.92', 'Bojong Rawalumbu', '', '2020-06-18 06:37:17', '2020-06-18 06:37:17'),
(547, NULL, '161710014', '0029548154', 'PANDAN WANGI', ' ', 'P', 'KARANGANYAR', '2002-01-06', 'Islam', 'SAMEKTO NGOEDI OETOMO', 'KP. MARKAN', 'Bojong Rawalumbu', '', '2020-06-18 06:37:17', '2020-06-18 06:37:17'),
(548, NULL, '171810018', '0035988620', 'PUTRA CEISAR SENTOSA', ' ', 'L', 'Bekasi', '2003-02-01', 'Islam', 'Tegung Hardjo', 'Bojong Rawalumbu Rt. 04/05 Bojong Rawalumbu', 'Bojong Rawalumbu', '', '2020-06-18 06:37:17', '2020-06-18 06:37:17'),
(549, NULL, '151610037', '0017900783', 'PUTRI HIHANNISAH', ' ', 'P', 'Bekasi', '2001-08-26', 'Islam', 'Musamah', 'Jl Jamrut No V', 'Bojong Rawalumbu', '', '2020-06-18 06:37:17', '2020-06-18 06:37:17'),
(550, NULL, '181910027', '0031653991', 'PUTRI MELLIYANA', ' ', 'P', 'Tegal', '2003-05-27', 'Islam', 'Sunoto', 'Jl Pungut RT 05/005 N0 114', 'Bojong Rawalumbu', '', '2020-06-18 06:38:24', '2020-06-18 06:38:24'),
(551, NULL, '151610038', '0009365812', 'RAHMAT AL FAZRI', ' ', 'L', 'JAKARTA', '2000-03-19', 'Islam', 'Superdi', 'Mutiara Gading Timur Blok 17 No 20', 'Mustikajaya', '', '2020-06-18 06:38:24', '2020-06-18 06:38:24'),
(552, NULL, '181910028', '0018376302', 'RAHMAT HIDAYAT', ' ', 'L', 'Bekasi', '2001-08-21', 'Islam', 'Eny Nur Aini', 'Kp Rawa Panjang Rt004/004 ds Sepanjang jaya ', 'Sepanjang Jaya', '', '2020-06-18 06:38:24', '2020-06-18 06:38:24'),
(553, NULL, '171810019', '0024722452', 'RAIHAN HIDAYAH', ' ', 'L', 'Jakarta', '2002-07-15', 'Islam', 'Maman Abdurrachman', 'Bojong Rawalumbu Rt. 07/04 Bojong Rawalumbu', 'Bojong Rawalumbu', '', '2020-06-18 06:38:24', '2020-06-18 06:38:24'),
(554, NULL, '151610039', '9992303396', 'RAKHA AKMAL M', ' ', 'L', 'BEKASI', '1999-04-27', 'Islam', 'ALI MUSTOPA', 'DUKUH ZAMRUD BLOK P1 NO 21', 'Cimuning', '', '2020-06-18 06:38:24', '2020-06-18 06:38:24'),
(555, NULL, '141510033', '9986240465', 'RARASATI DERIANI', ' ', 'P', 'Bekasi', '1998-12-10', 'Islam', 'Rahmat Rian', 'Cipendawa', 'Bojong Menteng', '', '2020-06-18 06:38:24', '2020-06-18 06:38:24'),
(556, NULL, '161710015', '0009612027', 'REKA APRIANI', ' ', 'P', 'Bekasi', '2000-04-20', 'Islam', 'SUKARMAN', 'Penegak B No226', 'Pengasinan', '', '2020-06-18 06:38:24', '2020-06-18 06:38:24'),
(557, NULL, '141510034', '9987761456', 'REZHA VALENT LEONG', ' ', 'L', 'Yogyakarta', '1998-02-12', 'Islam', 'Sekatno', 'Rawapanjang', 'Sepanjang Jaya', '', '2020-06-18 06:38:24', '2020-06-18 06:38:24'),
(558, NULL, '161710016', '0011630386', 'RIO ADI SANJAYA', ' ', 'L', 'Bekasi', '2001-07-20', 'Islam', 'RIYONO', 'Asrama Yonif 202 Tajimalela', 'Bojong Rawalumbu', '', '2020-06-18 06:38:24', '2020-06-18 06:38:24'),
(559, NULL, '131410017', '9972792629', 'RIRI ROSALLY', ' ', 'P', 'Bekasi', '1997-08-22', 'Islam', 'Romanur', 'Jl.Raya Narogong', 'Bojong Rawalumbu', '', '2020-06-18 06:38:24', '2020-06-18 06:38:24'),
(560, NULL, '151610040', '0001243822', 'RISA AULIA SABILA', ' ', 'P', 'Bekasi', '2000-04-08', 'Islam', 'ISANTO', 'Bojong Rawalumbu', 'Bojong Rawalumbu', '', '2020-06-18 06:38:24', '2020-06-18 06:38:24'),
(561, NULL, '151610041', '0004985621', 'RIZALDI RACHMATULLAH', ' ', 'L', 'Bekasi', '2000-01-05', 'Islam', 'Supendi HS', 'Bojong Rawalumbu', 'Bojong Rawalumbu', '', '2020-06-18 06:38:24', '2020-06-18 06:38:24'),
(562, NULL, '192010018', '0031980901', 'RIZKI PUSPITASARI', ' ', 'P', 'Bekasi', '2003-04-09', 'Islam', 'Rasman', 'Jl.Dalang Kp.Rawa Roko Rt 02 Rw 04', 'Bojong Rawalumbu', '', '2020-06-18 06:38:24', '2020-06-18 06:38:24'),
(563, NULL, '181910029', '0037422203', 'RONALD PARAPAT', ' ', 'L', 'Bekasi', '2003-12-24', 'Islam', 'Muhidin Parsaoran Parapat', 'Komplek pengairan Jl Letjen Sarbini No 79 Kel Marga jaya ', 'Marga jaya ', '', '2020-06-18 06:38:24', '2020-06-18 06:38:24'),
(564, NULL, '181910030', '0064546373', 'SAHAR ROBI AGUSTIN', ' ', 'L', 'Kebumen', '2003-02-01', 'Islam', 'Edi', 'Sepanjang jaya Rt02/05 Rawalumbu', 'Sepanjang Jaya', '', '2020-06-18 06:38:24', '2020-06-18 06:38:24'),
(565, NULL, '192010019', '0042919234', 'SALSABILA', ' ', 'P', 'Bekasi', '2004-12-08', 'Islam', 'Sukirno', 'Bojong menteng Rt 001/001 kel.Rawa lumbu', 'Bojong Menteng', '', '2020-06-18 06:38:24', '2020-06-18 06:38:24'),
(566, NULL, '181910031', '0031811962', 'SANUSI FADILLAH', ' ', 'L', 'Bekasi', '2003-06-06', 'Islam', 'Sadir', 'Jl. Bojong Menteng Rt. 03/03 Bojong Menteng', 'Bojong Menteng', '', '2020-06-18 06:38:24', '2020-06-18 06:38:24'),
(567, NULL, '192010020', '0042918257', 'SEHAN AGUSTIAWAN', ' ', 'L', 'Bekasi', '2004-08-05', 'Islam', 'Wardi', 'Jl.Makrik Rt 007/00 Rawa Lumbu', 'Bojong Rawalumbu', '', '2020-06-18 06:38:24', '2020-06-18 06:38:24'),
(568, NULL, '171810020', '0025914377', 'SEKAR AJENG PANGESTI', ' ', 'P', 'Bekasi', '2002-01-12', 'Islam', 'Mulyadi', 'Makrik No. 41 Rt. 4/25 Bojong Rawalumbu', 'Bojong Rawalumbu', '', '2020-06-18 06:38:24', '2020-06-18 06:38:24'),
(569, NULL, '141510035', '9992543326', 'SEPTIAN RACHMAT HIDAYAT', ' ', 'L', 'Bekasi', '1999-09-18', 'Islam', 'Isoh H', 'Rawapanjang', 'Sepanjang Jaya', '', '2020-06-18 06:38:24', '2020-06-18 06:38:24'),
(570, NULL, '151310039', '0001938695', 'SEPTIANA KULSUM', ' ', 'P', 'Bekasi', '2000-09-13', 'Islam', 'NASIR', 'JL HJ AJID', 'Bojong Rawalumbu', '', '2020-06-18 06:38:24', '2020-06-18 06:38:24'),
(571, NULL, '192010021', '0047134006', 'SHELLA RAHMA SUWANDI', ' ', 'P', 'Bekasi', '2004-03-23', 'Islam', 'Suwandi N', 'Kp.Rawa Panjang  Gg Tengki Rt 03 Rw 05', 'Sepanjang Jaya', '', '2020-06-18 06:38:24', '2020-06-18 06:38:24'),
(572, NULL, '161710017', '0015692851', 'SHERLYANA RAHMA AULIA', ' ', 'P', 'Sukabumi', '2001-03-14', 'Islam', 'Andi', 'JMakrik', 'Bojong Rawalumbu', '', '2020-06-18 06:38:24', '2020-06-18 06:38:24'),
(573, NULL, '151610043', '0029014869', 'SHOFIYATUR RAHMAH', ' ', 'P', 'Bogor', '2000-05-07', 'Islam', 'Mualimin', 'Ciketing Barat', 'Ciketing Udik', '', '2020-06-18 06:38:24', '2020-06-18 06:38:24'),
(574, NULL, '192010022', '0042918053', 'SITI FADILLAH', ' ', 'P', 'Bekasi', '2004-07-28', 'Islam', 'Nasin', 'J.Siliwangi Kp.Rawa Panjang No.122 Rt 03 / 05', 'Sepanjang Jaya', '', '2020-06-18 06:38:24', '2020-06-18 06:38:24'),
(605, NULL, '141510036', '9995853098', 'SITI FATMAWATI', ' ', 'P', 'Pekalongan ', '1999-04-24', 'Islam', 'Tarmadi', 'Gardenia Kemang Pratama', 'Bojong Rawalumbu', '', '2020-06-18 06:54:30', '2020-06-18 06:54:30'),
(606, NULL, '181910032', '0028172156', 'SITI MUSTIKA SARI', ' ', 'P', 'Bogor', '2002-04-06', 'Islam', 'Mohammad Arif', 'JL H. Adjid  Rt. 07 Rw. 04 bojong Rawalumbu', 'Bojong Rawalumbu', '', '2020-06-18 06:54:30', '2020-06-18 06:54:30'),
(607, NULL, '181910033', '0031990844', 'SITI NURHASNA', ' ', 'P', 'Bekasi', '2003-02-26', 'Islam', 'Tatang', 'Jl Kapuk Raya 4 Rt 04/018 Kel Pengasinan Kec Rawalumbu', 'Pengasinan', '', '2020-06-18 06:54:30', '2020-06-18 06:54:30'),
(608, NULL, '151610044', '0005081847', 'SITI ROMLAH APRIYANI', ' ', 'P', 'Bekasi', '2000-04-03', 'Islam', 'Waluyo', 'Kp Babakan', 'Mustikasari', '', '2020-06-18 06:54:30', '2020-06-18 06:54:30'),
(609, NULL, '151610045', '0009405708', 'SORAYDA SHABRINA LUTFIAH', ' ', 'P', 'Jakarta', '2000-03-27', 'Islam', 'Hanafi', 'Jl Bengkong Padurenan', 'Pedurenan', '', '2020-06-18 06:54:30', '2020-06-18 06:54:30'),
(610, NULL, '141510037', '9996907310', 'SRI HARTATI', ' ', 'P', 'Jakarta', '1999-08-06', 'Kristen', 'Hotler Luban', 'Ace lengkeng', 'Bojong Menteng', '', '2020-06-18 06:54:30', '2020-06-18 06:54:30'),
(611, NULL, '171810021', '0017576319', 'SUCI DIAH WAHYUNI', ' ', 'P', 'Subang', '2002-12-12', 'Islam', 'Wahyudim', 'Jl. Bojong Menteng Rt. 03/03 Bojong Menteng', 'Bojong Menteng', '', '2020-06-18 06:54:30', '2020-06-18 06:54:30'),
(612, NULL, '131410019', '9982737142', 'SUCI NURDIYANTI', ' ', 'P', 'Kebumen', '1997-10-10', 'Islam', 'Saepudin Juhri', 'Jl.Barokah', 'Bojong Menteng', '', '2020-06-18 06:54:30', '2020-06-18 06:54:30'),
(613, NULL, '171810022', '0023133495', 'SULTAN ISKANDAR AL FARISY', ' ', 'L', 'Bekasi', '2002-04-09', 'Islam', 'Nana Sutisna', 'Prum Grand Bekasi Blok A2 No. 30 Rt. 02/18  Bojong Rawalumbu', 'Bojong Rawalumbu', '', '2020-06-18 06:54:30', '2020-06-18 06:54:30'),
(614, NULL, '181910034', '0097684632', 'SYAHRIFAH', ' ', 'P', 'Bekasi', '2002-12-14', 'Islam', 'Omid', 'Jl Raya Narogong gg sukatani Kel bojong rawalumbu ', 'Bojong Rawalumbu', '', '2020-06-18 06:54:30', '2020-06-18 06:54:30'),
(615, NULL, '131410020', '9982737272', 'SYARAH AZHARI I HARAHAP', ' ', 'P', 'Bekasi', '1998-08-04', 'Islam', 'Abdul Kodir Harahap', 'Bojong Rawalumbu Blok 4 no.12 Jembatan 8', 'Bojong Rawalumbu', '', '2020-06-18 06:54:30', '2020-06-18 06:54:30'),
(616, NULL, '192010023', '0042258872', 'SYIFA APRILIANI', ' ', 'P', 'Jakarta', '2004-04-01', 'Islam', 'Suparman', 'Jl.Bojong Asih 2 Blok F41 No 21 Rt 01/ Rw 018 ', 'Bojong Rawalumbu', '', '2020-06-18 06:54:30', '2020-06-18 06:54:30'),
(617, NULL, '181910035', '0033957234', 'TEDY PRATAMA', ' ', 'L', 'Surabaya', '2003-03-22', 'Islam', 'Muhammad Syahrul', 'Setu Perum Griya Setu Permai', 'Cileduk', '', '2020-06-18 06:54:30', '2020-06-18 06:54:30'),
(618, NULL, '151610046', '0009229206', 'TRI WAHYUNI', ' ', 'P', 'SEMARANG', '2000-03-21', 'Islam', 'Kemadi', 'Jl Bojong Asih II Blok F 41 No 28', 'Bojong Rawalumbu', '', '2020-06-18 06:54:30', '2020-06-18 06:54:30'),
(619, NULL, '151610047', '9996392407', 'WALID MAHMUDI LUBIS', ' ', 'L', 'Padang Sidempuan', '1999-06-14', 'Islam', 'Gunung Sari Lubis', 'JL RAWA ROKO', 'Bojong Rawalumbu', '', '2020-06-18 06:54:30', '2020-06-18 06:54:30'),
(620, NULL, '151610051', '0005341227', 'WARSITI', ' ', 'P', 'MAJALENGKA', '2000-05-05', 'Islam', 'Wardoyo', 'Bojong Rawalumbu', 'Bojong Rawalumbu', '', '2020-06-18 06:54:30', '2020-06-18 06:54:30'),
(621, NULL, '151610049', '0005665794', 'WAWAN DARMAWAN', ' ', 'L', 'CIREBON', '2000-01-08', 'Islam', 'Kodir', 'Kp Markan Dusun 02', 'Bojong Rawalumbu', '', '2020-06-18 06:54:30', '2020-06-18 06:54:30'),
(622, NULL, '161710018', '0018376326', 'WINDA LESTARI', ' ', 'P', 'Bekasi', '2001-04-22', 'Islam', 'TULUS BUDIONO', 'Makrik', 'Bojong Rawalumbu', '', '2020-06-18 06:54:30', '2020-06-18 06:54:30'),
(623, NULL, '161710019', '0017893928', 'YOGI JULIAN FERNANDA', ' ', 'L', 'Bekasi', '2001-07-23', 'Islam', 'Arhan', 'raya Bantargebang', 'Bantargebang', '', '2020-06-18 06:54:30', '2020-06-18 06:54:30'),
(624, NULL, '121310040', '9972792759', 'YUSUF HAIRUL ANWAR', ' ', 'L', 'Bekasi', '1997-10-08', 'Islam', 'Sonin', 'Jl. Makrik  Bojong Rawalumbu', 'Bojong Rawalumbu', '', '2020-06-18 06:54:30', '2020-06-18 06:54:30'),
(625, NULL, '141510040', '9995332997', 'ZAQI RAHMAN', ' ', 'L', 'Bekasi', '1999-12-08', 'Islam', 'M. Rohmad', 'Rawapanjang', 'Sepanjang Jaya', '', '2020-06-18 06:54:30', '2020-06-18 06:54:30'),
(626, NULL, '141510041', '9999688907', 'ZSALZSA BEILLAH MUZTAHIDIN', ' ', 'P', 'JAKARTA', '1999-08-15', 'Islam', 'Rima Norisda Ariani', 'Gg. Aceng Rawalumbu', 'Bojong Rawalumbu', '', '2020-06-18 06:54:30', '2020-06-18 06:54:30'),
(829, NULL, '151610011', '0008717667', 'ELINA', ' ', 'P', 'Bekasi', '2000-11-11', 'Islam', 'Kembol Junaedi', 'Rawalumbu', 'Bojong Rawalumbu', '', '2020-06-18 08:34:27', '2020-06-18 08:34:27');

-- --------------------------------------------------------

--
-- Struktur dari tabel `users`
--

CREATE TABLE `users` (
  `id` int(11) NOT NULL,
  `role` varchar(45) COLLATE utf8mb4_unicode_ci NOT NULL,
  `name` varchar(191) COLLATE utf8mb4_unicode_ci NOT NULL,
  `email` varchar(191) COLLATE utf8mb4_unicode_ci NOT NULL,
  `email_verified_at` timestamp NULL DEFAULT NULL,
  `password` varchar(191) COLLATE utf8mb4_unicode_ci NOT NULL,
  `remember_token` varchar(100) COLLATE utf8mb4_unicode_ci DEFAULT NULL,
  `created_at` timestamp NULL DEFAULT NULL,
  `updated_at` timestamp NULL DEFAULT NULL
) ENGINE=InnoDB DEFAULT CHARSET=utf8mb4 COLLATE=utf8mb4_unicode_ci;

--
-- Dumping data untuk tabel `users`
--

INSERT INTO `users` (`id`, `role`, `name`, `email`, `email_verified_at`, `password`, `remember_token`, `created_at`, `updated_at`) VALUES
(1, 'admin', 'Admin', 'admin@gmail.com', NULL, '$2y$10$iU00M0B.M.BD8nKaJyY.IeGW.bARUHXHreeNDMquKJsLFBZmXkHe6', 'DG4J59A1p8Yur0x2F70FPHGSJPgP0X1sjL1dhYlAP1uMLT7jLcb5K8O4l73H', '2020-03-11 03:17:47', '2020-03-11 03:17:47'),
(3, 'kepsek', 'Kepsek', 'kepsek@gmail.com', NULL, '$2y$10$WcDsaXupajAidw.mQ.TlSOQggF6bogWCcP6DYmj6EvcWpNQGBiE3m', 'Kt9SgZ3VSnjx0UvGPCR1lCNvcjKkL2JRTb3ZL3XKodumytWwzgFhq8D4zBax', '2020-10-29 06:45:20', '2020-10-29 06:45:20');

--
-- Indexes for dumped tables
--

--
-- Indeks untuk tabel `failed_jobs`
--
ALTER TABLE `failed_jobs`
  ADD PRIMARY KEY (`id`);

--
-- Indeks untuk tabel `kelas`
--
ALTER TABLE `kelas`
  ADD PRIMARY KEY (`id`);

--
-- Indeks untuk tabel `mapel`
--
ALTER TABLE `mapel`
  ADD PRIMARY KEY (`id`);

--
-- Indeks untuk tabel `migrations`
--
ALTER TABLE `migrations`
  ADD PRIMARY KEY (`id`);

--
-- Indeks untuk tabel `nilai`
--
ALTER TABLE `nilai`
  ADD PRIMARY KEY (`id`);

--
-- Indeks untuk tabel `siswa`
--
ALTER TABLE `siswa`
  ADD PRIMARY KEY (`id`);

--
-- Indeks untuk tabel `users`
--
ALTER TABLE `users`
  ADD PRIMARY KEY (`id`),
  ADD UNIQUE KEY `users_email_unique` (`email`);

--
-- AUTO_INCREMENT untuk tabel yang dibuang
--

--
-- AUTO_INCREMENT untuk tabel `failed_jobs`
--
ALTER TABLE `failed_jobs`
  MODIFY `id` bigint(20) UNSIGNED NOT NULL AUTO_INCREMENT;

--
-- AUTO_INCREMENT untuk tabel `kelas`
--
ALTER TABLE `kelas`
  MODIFY `id` int(11) NOT NULL AUTO_INCREMENT, AUTO_INCREMENT=4;

--
-- AUTO_INCREMENT untuk tabel `mapel`
--
ALTER TABLE `mapel`
  MODIFY `id` int(11) NOT NULL AUTO_INCREMENT, AUTO_INCREMENT=8;

--
-- AUTO_INCREMENT untuk tabel `migrations`
--
ALTER TABLE `migrations`
  MODIFY `id` int(10) UNSIGNED NOT NULL AUTO_INCREMENT, AUTO_INCREMENT=4;

--
-- AUTO_INCREMENT untuk tabel `nilai`
--
ALTER TABLE `nilai`
  MODIFY `id` int(11) NOT NULL AUTO_INCREMENT, AUTO_INCREMENT=803;

--
-- AUTO_INCREMENT untuk tabel `siswa`
--
ALTER TABLE `siswa`
  MODIFY `id` int(10) UNSIGNED NOT NULL AUTO_INCREMENT, AUTO_INCREMENT=830;

--
-- AUTO_INCREMENT untuk tabel `users`
--
ALTER TABLE `users`
  MODIFY `id` int(11) NOT NULL AUTO_INCREMENT, AUTO_INCREMENT=4;
COMMIT;

/*!40101 SET CHARACTER_SET_CLIENT=@OLD_CHARACTER_SET_CLIENT */;
/*!40101 SET CHARACTER_SET_RESULTS=@OLD_CHARACTER_SET_RESULTS */;
/*!40101 SET COLLATION_CONNECTION=@OLD_COLLATION_CONNECTION */;
